x1,x2,y,total_conflict
0.6718912224026663,0.1162698428625895,0.09028432721797,0.0006662011370787489
0.6974104420722621,0.2997286341953763,0.0285499860227287,0.0005366709397304546
0.9790785335858084,0.6339527576324746,0.0794745069358989,0.00022156139224920165
0.1750236281922693,0.0888743605952477,0.3641672291352269,0.00018761292453780632
0.5000683415968389,0.8561659678893268,0.0131399873832878,2.1968649394693016e-05
0.6738949775827983,0.2184656953553965,0.0535613249210977,0.0006904771272855402
0.0639265537093909,0.426531772017429,0.2110043697197175,0.0003021355155552928
0.7000254821896302,0.0397534588604111,0.1146633085985534,8.443716161738723e-05
0.7966547405418665,0.7644647877682974,0.0547075387671259,0.0002161110353419364
0.2047219943359076,0.0111211313915169,0.4048715178291346,0.00036101028740539385
0.8443893144908557,0.7685010731173523,0.0718750532018923,0.0005479601815022634
0.3009713998550195,0.1120141957626697,0.2602606798084477,7.107549418175065e-05
0.1514863574164085,0.5856361870077154,0.0934205372199265,4.7539043268004095e-05
0.0112880666037555,0.3069030994483444,0.3229854742804996,4.522544835722548e-05
0.9719637447418816,0.5402932978810483,0.0531501778963605,5.123855201338386e-05
0.2743472596779207,0.1165942016731183,0.2739966438078577,7.700687079749335e-05
0.1045264095627152,0.12899589662873,0.386581829298588,0.0001512197982992927
0.9627476082980588,0.8514650428380659,0.1579769942904763,0.00040665288507160696
0.1251077689073641,0.0357768949417716,0.4484011890626904,0.00016880812529115858
0.6497672551695723,0.7867215687018002,0.0232106780533623,3.712954751836146e-05
0.5007462425248405,0.1431585679716163,0.1378471865666475,0.00038224892143970076
0.3896679663708552,0.4363276822831713,0.05795358156813,7.483569390300984e-05
0.5011848207167638,0.2383087826899354,0.0939608138174455,0.00021797130700060874
0.4862807609731513,0.2471093852599575,0.0955208518996303,0.00029751953846748614
0.9474667788792088,0.230071238375193,0.0309948363690145,1.5942366129457885e-05
0.4220455051577833,0.953210980423868,0.0213138757753766,1.3499878992436348e-05
0.9526498507200836,0.1699604314976753,0.0384357498570433,1.9714543462187593e-05
0.8042788165586832,0.7062891889097217,0.041642501358675,0.00015657296188511039
0.5002856912585102,0.0018751953162538,0.2184248254634296,3.862013342874955e-05
0.3918761667059761,0.1540359852236634,0.1824485331344301,0.00010679655861470511
0.5130972771407691,0.1459273109686671,0.1313939243010558,0.0002189655286254039
0.9228065999814328,0.1052389550954029,0.0511935722359258,2.8036078250352118e-05
1.0,0.8054284010535816,0.1554196676537504,6.030499702546751e-05
0.6607388422928433,0.9003710186826824,0.0549115990299423,5.568014067048915e-05
0.7122340960074562,0.0015662352447465,0.1285358618641547,4.563080263362892e-05
0.5232080454862197,0.7684373686091868,0.0044378474797148,1.1094985406320375e-05
0.8084911221244127,0.33855248047625,0.0161580588487563,2.0883481810876735e-05
0.0288587581861295,0.96639179047452,0.0492066595434082,1.1195450629039867e-05
0.894088726700181,0.3587968182656325,0.0197028871544006,1.0212682671364047e-05
0.2681636729960528,0.9141493751889536,0.0137399239415237,1.0864279577623544e-05
0.9056749003261904,0.6680189750196082,0.0628751736941373,4.073390618765318e-05
0.2025322548037976,0.2383508221369137,0.2384994256302603,9.643762122482183e-05
0.8984176849760999,0.1621367430122057,0.0403919688447995,0.00010933881146538603
0.3195349957811405,0.310335609458684,0.1350006783508864,0.00010582389186311787
0.4325737715541428,0.6737711986997423,0.0044790911531886,5.9238330796466505e-06
0.290617361728331,0.247046914874077,0.1824422417079212,0.00012251763318003818
0.0330412059392818,0.2998368816413186,0.3119255164477097,6.604803084561033e-05
0.0642174436370604,0.5094256197039438,0.1673081117591557,7.947589646921006e-05
0.4572726348778569,0.5377380174476233,0.0173592454773814,2.114378747121002e-05
0.3713528841937957,0.7306290384905624,0.0069690291065853,1.264239128562597e-05
0.3210039078591671,0.8138165165937521,0.0087452319707222,8.180220354314364e-06
0.6416999426302649,0.5312546783030642,0.0023413890756245,6.951654649082583e-06
0.1742310718367413,0.1539559472155907,0.3150683413359663,6.283594243522062e-05
0.3829406655302845,0.553165366819528,0.0289442688557093,3.6540689580149126e-05
0.387655684954273,0.4502105166306537,0.0542637711764247,8.382396961330685e-05
0.7427110590638796,0.6613828395253993,0.0187074147308657,3.225499287676589e-05
0.6564385958428494,0.8575789393636132,0.041307000366879,5.473325935093199e-05
0.8380378976214823,0.7635966265856408,0.0680618514591045,0.0006116029804895279
0.8779969683195132,0.3005101904966972,0.0213466049654466,1.1753211149157967e-05
0.547902972738424,0.7662055059547221,0.006028924911701,1.3701767791020301e-05
0.992839121229217,0.8076664084102774,0.1527224004953771,7.118488537839891e-05
0.4305262491102653,0.1719156099155458,0.1538474225204819,0.00037272578253036187
0.4441648528373625,0.3970905121984087,0.054249683769917,1.7861656496872137e-05
0.2815355984654534,0.1789900794830246,0.2281800067254445,6.486167584941548e-05
0.8978378401183476,0.4268559764244389,0.0213607986060947,1.8732144059580504e-05
0.1482831912709085,0.0713990805371554,0.3990529717269001,0.00014846258523017425
0.7291180056181521,0.7131309288249272,0.0248695393727155,4.4085352170002865e-05
0.1793811764663551,0.0446485591753921,0.3967150158243255,0.00016265776000968523
0.7766692775611131,0.335456896345318,0.0167428616638909,5.5631648918103005e-05
0.5399176881651218,0.6618184468883193,0.0,2.9876099917296748e-06
0.9949770459941186,0.0020447667898746,0.0723123586605402,5.829386804525388e-06
0.2078002690708269,0.4150114196230741,0.1381321636398017,0.00010381209664484152
0.5679599749745371,0.1934532926838738,0.0901772163111883,4.4842753294706556e-05
0.4803921241158299,0.4862527881056079,0.0229211570607233,1.7783226079783088e-05
0.2650062304800472,0.543983648379532,0.0645234808866529,4.0517722311952944e-05
0.9099058949677324,0.9527583526003056,0.1817864272809414,0.0005286557325274455
0.7192671886843776,0.2876953659836752,0.0285512581885801,0.0007688441740169758
0.1240533315591761,0.4222615376640204,0.1782398519197961,9.404969566771208e-05
0.8737763198777984,0.3912276979374162,0.0173321142969183,1.3997633905350898e-05
0.6501043017940501,0.2784128969276764,0.040883214131221,0.0002988639387335256
0.025888209734904,0.7716040511430515,0.0856702539170265,2.6211047064683958e-05
0.2576408181959943,0.4595523673667987,0.0967318246951855,0.00019806390865346034
0.1661061797812342,0.0524525517048828,0.400679678526206,0.00014891505018775297
0.8379935406669498,0.8629716023936805,0.1040534378182194,8.273492134729242e-05
0.1863657140130886,0.7921818373466639,0.0317862259607579,2.8198840399538293e-05
0.9237504023924688,0.7291128870287825,0.088686105414119,4.990579095920149e-05
0.226269673425156,0.3841376651814009,0.1437868834713193,6.73673328869948e-05
0.318288498683122,0.1870629225472307,0.2021860553826155,8.592648532290536e-05
0.2731872909103284,0.687367523487627,0.0280629718910526,2.3535161478479264e-05
0.2341753480091657,0.3542285466540996,0.1546154649683997,7.77360351928534e-05
0.9050775464386356,0.5133204256547101,0.0307406968611339,3.603843860639486e-05
0.3389917630899799,0.0115385850680146,0.3072938034436725,4.579374075830872e-05
0.1150682160502649,0.6941916250791179,0.0733182951864973,7.589721086502628e-05
0.1265282108891633,0.7274505184923845,0.0606958942087882,5.143755625576972e-05
0.0772387571429013,0.2681796180269939,0.3022010244507294,7.778721451843948e-05
0.8905778770802382,0.2591235511030265,0.0257298429261803,3.9211762330347836e-05
0.963641278160147,0.7127855834053297,0.0993709767588617,3.439212174941495e-05
0.715270177838966,0.2580386728004275,0.0357098877128141,0.0005280048292073424
0.4495382910340164,0.6151160896246685,0.0077177177303819,9.321398522268807e-06
0.9368082642441268,0.7442606145800971,0.099517882723381,4.61803126635069e-05
0.3810909593847496,0.2830611530087155,0.1206481531130504,8.240563299114646e-05
0.2454521455764199,0.0152801860916227,0.3702473437758925,0.0006627086268392258
0.1736271381257581,0.0612513085269093,0.3875104258047231,0.0001704936476880398
0.2217793382895247,0.1029328287792938,0.3192482080360778,0.00012331803029802944
0.4505602883896097,0.0289106100640037,0.22771512887437,4.348632250538751e-05
0.7049642982823766,0.9992805736243228,0.107061629402598,2.8890804799440885e-05
0.0402147702797565,0.7293230233483833,0.0920998789531106,3.656437768362452e-05
0.5383253001516699,0.925495520564532,0.0326687582520241,2.9785887517955335e-05
0.34079743276857,0.552130524241293,0.0394526972944474,2.7139262189739906e-05
0.1551022805529172,0.8263905285071653,0.0344670574542807,2.2329075158473008e-05
0.439872401840955,0.7671033585776396,0.0023530391046249,6.165266927215653e-06
0.3432502533607781,0.549898644371448,0.0393522222305268,2.890110481307181e-05
0.2542160998077634,0.9494501179532908,0.0162138078878282,1.0258031339827418e-05
0.0717288971426489,0.141144146768459,0.4029801265957664,0.00010696776805952559
0.9650414309028462,0.2067102795717185,0.0342803714876337,1.4905185208219155e-05
0.1920709922769342,0.0147121355978112,0.4118333316236526,0.0002470782243775299
0.8588354269760264,0.9351329748569416,0.145979426570857,0.0008937641996661704
0.5125350735689219,0.676170646952418,0.000208945020828,3.0356999645321043e-06
0.8227778217949402,0.2264696343939715,0.0318588989291679,0.00024029362008558044
0.5326566608196549,0.3960374959909695,0.03307783843629,3.105516840725356e-05
0.2540869220063034,0.3166871273894465,0.163763633815522,7.174696895790209e-05
0.61544501645687,0.7046528119105177,0.0059632242243037,1.6295604557599964e-05
0.9005010716035099,0.0641680492967493,0.0635520501597415,3.301981035455324e-05
0.0331461252800768,0.5433695834989347,0.1680180573419134,7.812286950897483e-05
0.2507420106369891,0.6186027728338087,0.0483057403504933,3.539160025907388e-05
0.90124759796285,0.5439311642614515,0.0343666425323069,4.536689999532008e-05
0.3358012390668312,0.0479482842306818,0.2828571554830144,2.8859994915071518e-05
0.6686251362676159,0.3258445507678525,0.026608209311143,8.373500937826979e-05
0.1679086983180892,0.4058838035480945,0.1628337653346288,8.769927768798045e-05
0.818709517826319,0.8056747630502422,0.0750514006088221,0.00010406152625711404
0.1041927675207396,0.7663333937870282,0.0590427514589506,3.683922096522311e-05
0.2959114594497499,0.5010618795824937,0.0675509244060656,0.00034301795695863217
0.1558053205806249,0.9337930647819316,0.025960418036918,2.0826222739654317e-05
0.0128925022678003,0.8885847304948163,0.0640505316111127,1.4382514909013704e-05
0.7508874829600439,0.4554811598609726,0.0072155915307471,0.00020419422164043129
0.5303337861065776,0.7169444246701985,0.0012510479043576,7.783303506239531e-06
0.6785128305407973,0.1060983853092283,0.0925382944157698,0.0007176044461969876
0.2289721968010097,0.9207678713757182,0.0170138169526935,1.3334178237546897e-05
0.6665677194186098,0.6084311958162059,0.0034615189772731,7.917761594225509e-06
0.9448318184516642,0.5883291891254147,0.0553320373416484,0.00046425106241071223
0.0577562453780708,0.3301213758303435,0.2738248411305671,0.00010720125804820957
0.2900866804005932,0.7043571653915726,0.021847257403404,2.3535589149601176e-05
0.2609922095302527,0.2123051310754546,0.2195024401539885,7.865325937886267e-05
0.7546004595330269,0.4565630959317622,0.007344385127909,0.0001996299138208919
0.0695063187223864,0.9924688400267296,0.0387267834697867,1.0666628421498133e-05
0.4720164514395333,0.5170740346164554,0.0185123127810944,1.4772864501297836e-05
0.9735950318424944,0.159545949254348,0.0403909538031813,1.6089008761404018e-05
0.8161884100137881,0.984986087680903,0.1498043508695554,7.689676667445915e-05
0.8921824969848798,0.3160596262817851,0.0210735279018637,1.0976908342997784e-05
0.1644476923092229,0.186902615197296,0.2981398237545754,8.103896521784111e-05
0.9945286665037464,0.6964625306776919,0.1067895356037483,4.0637768677926104e-05
0.6260247900539188,0.3164142318870253,0.0352860002612473,4.3702142420382544e-05
0.6068648389294613,0.2592130052375594,0.0555232353176236,0.00015650779910858698
0.3494419266997532,0.198545579384776,0.1788850689982758,6.454054976705241e-05
0.7484997661787222,0.909887219470355,0.0871485411695533,3.875384375477408e-05
0.0854633140050885,0.4853217787569096,0.1674911432760759,5.0423629980436485e-05
0.6154354664750084,0.9639302340667084,0.0624989418743672,0.0004343598160848848
0.9566097614999228,0.3264040461365539,0.0273268919650048,1.3536800067860823e-05
0.4906646085499113,0.1818007256708612,0.1230496139052164,0.0003318139975385263
0.0329855958968897,0.0248588714916363,0.5401292803172032,5.361764484192148e-05
0.5203857677707119,0.3932119515120767,0.0363573953100932,3.175402461561024e-05
0.671263317810752,0.6382530660875789,0.005757497442732,1.727093563840834e-05
0.3664773286061564,0.4620125318866147,0.0570241939684836,0.0001404735698448682
0.6506620057556992,0.9033151095645512,0.0529799174020965,6.627222722513631e-05
0.617750792591431,0.8430296802839337,0.0288940321658852,5.153114248773606e-05
0.6650363232151002,0.5334575828530211,0.0024665749414239,5.922985603714288e-06
0.6930600666917376,0.1775202632938279,0.062583798745926,0.0002057656899183014
0.3485976845214598,0.9525006869991955,0.0159121816224974,7.337973114371914e-06
0.8709529520290127,0.5568870831894784,0.0292614804178725,4.5931313102569355e-05
0.5397207017060165,0.3966050149072761,0.0315338105561062,3.185142029706879e-05
0.8818957973257304,0.230812488651308,0.0292109397891216,0.00022218166217820615
0.3255684746313454,0.2696655595855968,0.1524473052862724,9.271350270765307e-05
0.6381388034655602,0.8196218025703066,0.0278173717459423,4.3742256544790534e-05
0.1410865652835183,0.8454392227449355,0.0353457513069653,1.4398173081808897e-05
0.9440413555171548,0.0905082675890994,0.0533828223956788,2.6486940621804937e-05
0.4259757831339947,0.5540344377209008,0.019993752109768,3.162306476788342e-05
0.0584705899888048,0.8391787362381138,0.0586896301491313,1.6091242476510396e-05
0.4432652406089321,0.0009245519862532,0.2503169018557528,6.023548298001719e-05
0.0005003150966212,0.6619481991449154,0.1334348951008608,2.8770838796323436e-05
0.1348012706865312,0.969547091369558,0.0283912875382993,1.4253827866259122e-05
0.7678039716648254,0.8630572959017165,0.076812314027883,2.2198179724253868e-05
0.0802055015955093,0.1067659781199876,0.4246770474421825,0.00015468147144720256
0.9910541538721463,0.6246807993341054,0.0812794049711799,0.00016757767988928742
0.6009584452564267,0.540029684086523,0.0026309426956111,7.60345333311532e-06
0.2083573425528208,0.8880744582634853,0.0197068045917667,1.4590002103494746e-05
0.1065992460429085,0.0,0.4966336522318607,5.8992331122106615e-05
0.0683715528740152,0.9249463588060444,0.0436334521213621,1.763743629837463e-05
0.4837017113008476,0.3400123611347083,0.0613802436023767,4.407371802145873e-05
0.3044741865978144,0.7238897456286586,0.0167227102711352,2.1114291676723913e-05
0.0778973831821933,0.5712562778226858,0.1321798303881821,7.03231545505355e-05
0.4354218291006218,0.7437416692291903,0.0021239596319841,5.429524331894756e-06
0.8143083438178299,0.5994145002817679,0.0233881605995442,0.0005323781845384664
0.2237271053736866,0.0128559987232,0.3886636084044133,0.0005810929602162504
0.920105406519485,0.1176440719266704,0.0485721619059821,3.155323062452748e-05
0.9785367352319752,0.3706450671023236,0.032148488683429,5.813139177488512e-06
0.2819365375927588,0.2641536496884014,0.1775180975367409,0.00013068857699206692
0.1561869642724377,0.5098731097689913,0.1205720198038413,2.5006626855304715e-05
0.7932581455785624,0.3581684752801792,0.01419542718937,9.136051209497139e-05
0.7510672694836699,0.4509940822079611,0.0073735295017202,0.00025958232083548005
0.5026706338992964,0.4050476665290912,0.0371737840537148,2.522721805176807e-05
0.6115899330417447,0.1486205490702246,0.0948966968610316,8.634244090429625e-05
0.6561861035611622,0.0017594046576073,0.1482544712124945,3.944522868978784e-05
0.3552406697255001,0.4674159699804406,0.0588256347930729,0.00021008626579247135
0.4170121054108994,0.3989342996978086,0.0616556269545545,2.9587175484864344e-05
0.4683364186131569,0.8551922805028885,0.010109633452696,1.6780738868919463e-05
0.1931261605357742,0.1446839720943321,0.3085512834630381,7.684392736932086e-05
0.9738872786982654,0.7569489231279866,0.1209995726073125,6.695855250593485e-05
0.1836304292419141,0.2505670585905725,0.2425399787135989,7.943457873727852e-05
0.2717021397951449,0.912223966196874,0.0134466654187511,1.0578094218656412e-05
0.6932620494428168,0.3087972518047014,0.0271298569760788,0.00039351440740484003
0.3303904089810636,0.2411403140775924,0.1651023533897437,9.54075511032044e-05
0.8557272399245914,0.6271406147149645,0.0379682314505451,0.0002902606288540351
0.2358648268950169,0.4497105916206913,0.1098731437004862,0.00011848028997062003
0.5557914474796563,0.0232561170598372,0.1783932541975931,5.929999456158977e-05
0.6863681641597766,0.2523299805022661,0.0415449790677738,0.0006117591610781174
0.8261184166861848,0.0281257759359212,0.0869714632562275,1.5063467210930542e-05
0.8614312964645082,0.7336818824750603,0.0668740201019229,0.0005380822593575336
0.567311759698675,0.4801329390649354,0.0112550098317396,1.2945367855311688e-05
0.0714669297733284,0.6508637662745301,0.1044838791939844,5.653887298637898e-05
0.1677562320386193,0.4685470732617631,0.1330098632104056,6.51431641494827e-05
0.488927814631513,0.2497066409367736,0.0935076582011773,0.0002575663135399332
0.3285817259300547,0.721753296041963,0.0130847883645692,2.278737878946372e-05
0.3616516471656281,0.4158985129505768,0.073870640206789,0.0002249516029778168
0.8935900341407388,0.382021751340264,0.019533743857844,1.0770068564483069e-05
0.4704641378898054,0.1609161450227225,0.1417222060402103,0.0006844885231398216
0.1653481903772715,0.1644731005578577,0.3136676566224717,6.0145450324125484e-05
0.6214348210981078,0.8904122043577108,0.0416103685702438,6.712261573140479e-05
0.0709832293126727,0.0701451542947511,0.4642255495235263,0.00016422991675650096
0.7359304364394748,0.4935444848133056,0.0057472835010516,1.0517028691013997e-05
0.2358829232844818,0.4841868459447525,0.0960844424375574,9.055005036117638e-05
0.7490287384098175,0.2910848952115953,0.0250199666173732,0.00044272485469224555
0.8560488266534146,0.5942315432529712,0.0318392200926896,0.00023532117203586782
0.9966435503479852,0.1160494386303378,0.0475279677494973,8.341213155129176e-06
0.893064675709842,0.5697973087954413,0.0367045915767643,7.188109615275335e-05
0.1851808008966232,0.0488982508982936,0.3886771969895867,0.0001870214535803428
0.9622922215666452,0.5709212463580637,0.0568521770047648,0.00023906946978394773
0.3477493136678905,0.4492807403240383,0.0670934317286527,0.00029073886192690454
0.7529302902636452,0.7847964868502705,0.0473824355876524,3.3000372122185316e-05
0.1329619399240467,0.8942290479973726,0.032179523827568,1.5344482711950887e-05
0.0290821881878313,0.902420508034308,0.0568791414560351,1.9022987269046346e-05
0.7065721846507894,0.8560358921813563,0.054538946385395,3.8193786772336136e-05
0.8337698381242046,0.8308910374123868,0.0897652127181839,9.212879742124757e-05
0.8095343205090774,0.341926748439232,0.0158473060941043,2.296771675139114e-05
0.6492960914863036,0.7062106281079651,0.0100791935374006,2.1558200932674243e-05
0.863493954876713,0.1479291877903091,0.045530254730507,0.00015690632025628024
0.6182498529853676,0.0928473132319156,0.1172547871709762,0.0001285293434634154
0.1974072183822437,0.0833042072082405,0.351815479387603,0.0001720340040169832
0.7120746393760857,0.0494052662271171,0.106745020801136,9.571598018766098e-05
0.2465594178582274,0.8256346380377698,0.017134127582956,1.3245326802532892e-05
0.4294724807747253,0.1969922134327179,0.1413481083604607,0.00038381463634574125
0.8091467322974011,0.4598921199810705,0.0112326066367601,4.75630619628255e-05
0.3875061160121064,0.7570629345515267,0.0045350221212394,1.0511844030760303e-05
0.0857767045483115,0.0167784056156671,0.4995875104816596,8.19071406757965e-05
0.5386346231880039,0.2060207692535137,0.0946049221304236,6.33918582806703e-05
0.3681029391789956,0.7996252400704374,0.0054095917179216,6.216314128250964e-06
0.6875930901156169,0.1355460707016854,0.0786283708514072,0.0004313485930643779
0.6698514408415116,0.8960124668019228,0.0561722922196413,4.9121165112929086e-05
0.630837360667248,0.9306123022914342,0.0559766393398542,0.00015611879861054823
0.9046285577502052,0.1447339767651329,0.0435948607160173,5.6527693027616586e-05
0.3554585816151004,0.1393398841314236,0.2105272932430852,5.1131114240452814e-05
0.6369663824038657,0.8366990402610057,0.0314744367725643,4.574055468208337e-05
0.3515876054971857,0.1996441749647149,0.1771640864665846,6.404833917202949e-05
0.6565185343267456,0.7154931074962184,0.0123083532276095,2.9963845781324342e-05
0.5866560797307675,0.011576061940379,0.1712733126137014,4.4609184887333944e-05
0.3028951921795146,0.1368929541452943,0.2424880155973533,6.936447113868832e-05
0.8876584765240132,0.7849006169606882,0.0941718986593808,0.00010999074525532865
0.2463392920681286,0.4643472138886875,0.0994962242987149,0.00013826431624672158
0.8556337635943915,0.7167315377751226,0.0598919646708196,0.00040164535635969317
0.0216800294143613,0.8683095030991381,0.0649101757407441,1.6453663643417506e-05
0.8021968543425815,0.613369218420413,0.0229971312154139,0.0005150247195432343
0.173671147663756,0.4950109875856802,0.118739430187678,2.990765140111828e-05
0.1453643836311491,0.9126179321424038,0.0285664532389845,1.7069716076325225e-05
0.5731226275687721,0.907035280075975,0.0350615989515857,4.1982830648015525e-05
0.3657925237744009,0.3727818332140156,0.0884542956529623,0.00014376659450918443
0.1493478476574236,0.7863423443642836,0.0418404440800737,3.579312877002817e-05
0.9728006552504131,0.2385692737889358,0.0320835230976825,1.1947109487550957e-05
0.6183942127743921,0.5932829927521599,0.000765579143934,3.5397537854816995e-06
0.5529892418363054,0.69481239851336,0.0010086262396381,8.666473595096084e-06
0.4386290184357772,0.4513541254137875,0.0400906578470661,3.404574907888572e-05
0.6156572038095255,0.093998737096492,0.1176220792684325,0.00012043265875989329
0.8541308509488837,0.1988719245794545,0.0353437848464722,0.0006607903388381319
0.9162032547527053,0.7442129468483204,0.0909598464047159,6.280372395585969e-05
0.1567648457123442,0.6544679725517961,0.0694556760357058,4.614089816872259e-05
0.3720500900080478,0.7212212536440407,0.0074688018356084,1.335752658190495e-05
0.669455151410455,0.4306014508513053,0.0094555817627464,1.6581239161776598e-05
0.7871710450650143,0.2243309650942324,0.0350854722678721,0.0001682504524437688
0.109508137851403,0.3254333505379119,0.242459575499544,0.0001362109236126862
0.1491524192605463,0.0522434302077331,0.414397338018772,0.00016861116238252945
0.1210433964854874,0.3890729804886321,0.1978659539772239,0.00013622061270764067
0.1451881508904111,0.7209671814220739,0.0561677485564506,5.408107994254992e-05
0.1125632758498906,0.0915121525797241,0.4109629133156573,0.00016747600274196484
0.1467424420811167,0.8770315530501506,0.0308411636997076,1.387851040225193e-05
0.7285577125929504,0.945896678767504,0.093843309699589,4.990894368516201e-05
0.5726873815670812,0.7583031491610361,0.0074359211258733,2.0759079500417905e-05
0.2728526769719073,0.7779616930377812,0.0165835290039413,1.622127369756639e-05
0.1651941822789804,0.3347210259927112,0.202759323105627,0.00010027972629693074
0.3293105365516686,0.5570456956596777,0.0413093672101425,2.6582430602774656e-05
0.9760814885175304,0.8934037022805593,0.1868207294108321,0.0003446135422475979
0.6599841992081503,0.4052298594949494,0.0133624131380153,2.1362652529345654e-05
0.523496740768045,0.8462673005963678,0.0142325209379022,2.8642321250896644e-05
0.3968289698096124,0.4785254567574299,0.0435576417202873,7.972679778850437e-05
0.6555157729460274,0.1636496675977172,0.0763980987739594,0.0001590362882855228
0.9085131616961402,0.7841709239309994,0.1026136862911607,5.093496602502657e-05
0.0630786719089132,0.1181714084504908,0.4292856820371639,0.0001245935809599092
0.7908919711624255,0.2848904321209266,0.0233883113732057,5.1098069746600406e-05
0.5223472764431119,0.8247979393490841,0.0108583865780871,2.3808632850867356e-05
0.6840168422093977,0.8032029534838104,0.0341569572075712,3.3471607595437374e-05
0.622673719515495,0.7172386742317903,0.0080927837662648,1.86708761625278e-05
0.7993180410350037,0.2985467177457323,0.0210131555729366,3.3193702252440984e-05
0.2633355108107255,0.4937746155338706,0.0817429558733741,0.00020164133933189146
0.8875817140768859,0.1626002736044325,0.0407778897817954,0.0001689466266776323
0.4115521399036269,0.3066876278463924,0.0980060844337138,7.810775628399728e-05
0.9886240492771208,0.2183755226631549,0.0348794456736707,1.123944785970549e-05
0.988455616720758,0.0449028685961414,0.0618400549597974,1.0752786608283643e-05
0.3152802525163294,0.296827676999944,0.1436145675008638,0.00010178625558198059
0.6395721635344536,0.1547936460762493,0.0840951370563769,0.00013000286915653233
0.2054016356051945,0.4144041007094848,0.1395864598362038,0.00010059371431595043
0.1275961759133569,0.7003348133101092,0.0671671118040593,7.179009356533986e-05
0.4747256949402098,0.1920370332774299,0.1245796544778933,0.0004824080575197514
0.3181075779401427,0.3968464284699672,0.0972680098722152,0.0005723294051499978
0.2252542178993171,0.9761369896342514,0.0193885775557706,8.305685908706146e-06
0.216506007292185,0.9805797261873044,0.0201826247556602,7.5931351279061154e-06
0.5599568880575443,0.9111859611207596,0.033392984238174,3.8482118817966915e-05
0.3475078163445303,0.3313539085666555,0.1129641174726997,0.0001034188827366281
0.6055244378099387,0.5678651521650275,0.0011575038922701,6.0433599459182425e-06
0.4733240182210592,0.2342747156569734,0.1057566949220166,0.0005286407665325295
0.5221104450385423,0.8554386636933854,0.0155772411838663,3.1874681109485205e-05
0.1977331943823165,0.9840955647228729,0.0216800025809758,8.483076733627463e-06
0.0717659662338597,0.0764349775644614,0.4579926196632592,0.00016892023313821357
0.6767298353368523,0.9189652641278332,0.0657835660074255,6.574208642545748e-05
0.5098042512623955,0.7924436374822554,0.0058571774180412,1.7099567495582224e-05
0.6700241910694082,0.6824307150698262,0.0099521654766695,2.2269512718652897e-05
0.3962072762170044,0.8782214957546849,0.008989632741026,7.259915877825428e-06
0.0197059685403553,0.8541315102859292,0.0683172748164525,2.0424421427586146e-05
0.1386771794108896,0.7867191284433671,0.0446713529283269,3.51106754656236e-05
0.1176209135023332,0.6314466741490534,0.0915929384736927,4.41102919422743e-05
0.9435222508099664,0.8612062588856946,0.1526953420820608,0.0004151774456756016
0.4267183976712323,0.518082024121348,0.0268924840481034,4.1669070905866394e-05
0.099063883009911,0.3697319457714757,0.2221764817056933,0.0001072487656135753
0.0074231257902174,0.3071958926166372,0.325664944687928,4.419533302583311e-05
0.111810066849549,0.6516295403900745,0.0873286177420627,5.4358453489068736e-05
0.9793622149164593,0.8092308995549355,0.1464943100577778,0.00010147036284363491
0.997496268613002,0.543008884575014,0.0618889325818554,2.6517765875534413e-05
0.7549024296376704,0.3441257187302967,0.0162956990635787,0.00010819059007016954
0.4026781962494034,0.2486716386542819,0.1276048589691612,0.00014555006869034469
0.3660318478951173,0.6200284582004542,0.0199121245913276,1.057144541202053e-05
0.753478539024195,0.566915554200775,0.0097403612524712,2.1481152047781195e-05
0.5517604352215749,0.5912153107691268,0.0014958308542756,4.825904431953675e-06
0.9816270757985768,0.9596377178195776,0.2279028249851057,0.00044098220092305947
0.3669054263246495,0.8280038784162455,0.0059440674006016,3.863826750513366e-06
0.5287541729658543,0.8109505572612915,0.009612427663794,2.1637449349685394e-05
0.6759444386899838,0.4977738339124865,0.0038542367425436,5.727267874496464e-06
0.4177286359669328,0.4825569128212664,0.0371719849254683,5.4452918432456714e-05
0.2915024235055352,0.3935960414108468,0.1095733284528151,0.0003855097628050849
0.0472623208710786,0.5303835807978434,0.1664749530838863,9.112664962787605e-05
0.5992691476584387,0.8668841008261535,0.030648507593241,5.3281428353237104e-05
0.8858391865399784,0.9855924123279536,0.1865235133348402,0.00018966917862843353
0.8460120619123405,0.5447334236510416,0.022379775569406,3.939314041443065e-05
0.8656584980713147,0.1087035356710069,0.0551170953434613,4.293052970501169e-05
0.6866226802299401,0.5978832079845381,0.0045748198511289,1.040189625071822e-05
0.7607439532881525,0.2254146541230411,0.0376714922551969,0.00029085693671012226
0.4943166565876065,0.9971194323486028,0.0427291907973953,1.5335513922265788e-05
0.0150743345874638,0.9357190599868456,0.0562161937916017,1.5092745550941415e-05
0.222226892390324,0.2420396490304098,0.2241669083248241,0.00010373225971640027
0.223902151600638,0.0068289136272576,0.3935316590033786,0.0005400883922076685
0.4133325134903923,0.2581405100741644,0.118663194100105,0.00014247809631301906
0.5749223468465537,0.8153022279143998,0.0158984158690481,3.449251342507441e-05
0.2417118449035914,0.4531806945850881,0.1059241621941813,0.00012396550982684006
0.6063887023802518,0.4015920271806812,0.0195879953051553,2.292031167601565e-05
0.2532194406754667,0.2562156185975904,0.1976758546293767,0.00011858942597471454
0.1843269374565445,0.6175216625853587,0.0703795025549225,4.3227765300173715e-05
0.2984219369967006,0.656736214201809,0.0276958652028076,2.021663878290944e-05
0.0756534158008493,0.1938679873872133,0.3579570252331041,4.919381404731049e-05
0.1976334970446719,0.0922324373456639,0.3447069474957664,0.0001565619389228764
0.7064366297972667,0.7436117714798092,0.0260343096456981,3.3045878437091784e-05
0.9865104987678196,0.3315606045404726,0.0318974592785466,8.360752509290447e-06
0.2238499991464859,0.8843660362957062,0.017763954573475,1.4633219588211975e-05
0.1684387206743785,0.5842633883597054,0.0870308011973292,5.370424911236707e-05
0.58737937362968,0.5194312660790473,0.004893922971223,1.0309568347847967e-05
0.2407651230776513,0.0303577208435555,0.3616051710619485,0.0007255380904644707
0.2387412100220692,0.418085925636481,0.1221642073829693,0.0001379167735815263
0.4518008835592754,0.8131079583809205,0.0048662308749171,1.0164995593392638e-05
0.1777804446113118,0.8064078040941624,0.0318460747617934,2.8465383133102365e-05
0.003409076887148,0.4398343326153971,0.241561403036372,0.0001711934926104604
0.0450792704925491,0.4448905071778556,0.2122114424779589,0.000274575471055872
0.8688889660088535,0.8298166897095902,0.1037099549434679,5.170355626609994e-05
0.1134807630434625,0.5241801948407414,0.1348631030108986,4.355265531467171e-05
0.0343138770941001,0.5009205891494917,0.1884733707476129,9.521171668005639e-05
0.5616335051410691,0.0821449997333871,0.1438236841091313,0.00010698179863355603
0.6043428583922985,0.2134964108343189,0.0717262378006082,0.00017427122739494598
0.6121267813566864,0.2320847073481884,0.0631729046661887,0.0002829226819576145
0.0100184621636363,0.4838673555101926,0.2121304257786803,9.264209180848301e-05
0.4618972137072099,0.0121416058180483,0.2323841432861194,5.484892862971076e-05
0.6760579897774798,0.7530723788787258,0.0217399403810687,2.9145164480549596e-05
0.9203161752937252,0.9662231288531408,0.1950978165374514,0.00033234991313129395
0.5862104276406667,0.8224650084496132,0.0188952460693658,4.063759564697362e-05
0.8372413750625073,0.2895459087925419,0.0215959623962989,1.784814786148103e-05
0.2818901134460014,0.6679470984198494,0.0294641990991784,2.4451286952085754e-05
0.3665810565101822,0.9326514461315382,0.0140677772489145,5.3476651192008475e-06
0.8966859415599043,0.99338175981958,0.197018111380969,0.0001093277574625779
0.8590360199962888,0.1274961308518483,0.050911000154613,6.54445110281263e-05
0.2626932273160975,0.6470541514797853,0.0383603965055688,3.4639056530433646e-05
0.0056519304512802,0.7222907625989219,0.1090914934866137,3.322447028692679e-05
0.2440308950489838,0.4430625407395188,0.1090958583713722,0.00013197728322984501
0.0778775274152569,0.3901352954729237,0.2233346048150266,0.00018868249061456823
0.0642583225111073,0.7893673355693238,0.0671501788417512,2.6814091666089996e-05
0.1374957824181921,0.7847304589435582,0.0453525208430044,3.6558715931567175e-05
0.5085083787256857,0.0091184951624601,0.209639353609018,5.4123678554443906e-05
0.314934948737136,0.7725452622351129,0.0109874281279191,1.3051798448152958e-05
0.9757129400407892,0.6908209277171962,0.0966477718345195,4.502638193959318e-05
0.2827842741617424,0.4515794562996762,0.0897659402576589,0.00040016150743457375
0.9668050020623848,0.8637170552984305,0.1662212498165146,0.0004652517085028081
0.5661629468725652,0.8700816307275006,0.025051460255649,4.549638608651407e-05
0.042638494101015,0.4839571375917067,0.1924532158727063,0.00010982828799156429
0.1408745690754896,0.1884969178712268,0.3135851284356186,6.286661008092112e-05
0.0071502946310425,0.1700078744425697,0.4326622257812545,1.608888957629041e-05
0.2264726776156793,0.7828594991480824,0.0243970051769689,1.9731778987515953e-05
0.6997725885776298,0.665526432263394,0.0121092626917468,2.395739436739742e-05
0.8678846652211656,0.9614955949203582,0.1638905087739411,0.0006105812210201193
0.4952660988866261,0.8751183242175186,0.0156470417957693,2.133384139563488e-05
0.7451497231580296,0.7094681102207316,0.0276334322802793,4.903613009113935e-05
0.2068185828498372,0.2773009056727656,0.2119352076174841,7.646837541774179e-05
0.3535637751898697,0.7765531327961266,0.0067214598035512,1.0504978790923105e-05
0.0,0.9224073038017604,0.0624968537317968,1.3164499151954153e-05
0.7282008842745382,0.1776614431028774,0.0555119943985747,0.000492207738978512
0.5677495884159347,0.2722562703697161,0.0609668613178851,4.899035515249052e-05
0.3758907849224686,0.693695312816055,0.0091163707178635,1.3485058623499315e-05
0.830200720751597,0.2373655092921823,0.0294745427649629,0.00019596613097641022
0.5516148294516178,0.064505514447021,0.1573013231712813,9.841044423251922e-05
0.4632223040836918,0.793672580908841,0.0037616221200865,1.0132611405615092e-05
0.1646176040798187,0.9189894753027444,0.0250760400641105,2.209913998602068e-05
0.6556944837666949,0.2506790202934125,0.0475841794177504,0.0007568131189710876
0.9518691617244346,0.5686128316137559,0.0530567447613551,0.00024675730618196754
0.62285299438758,0.0338454065442575,0.1444188731178558,5.784940683714558e-05
0.8508368545100378,0.3926914863721214,0.015103194163131,1.8020244184234577e-05
0.3307732719432094,0.5671925297080054,0.038457337207698,1.9775880513465586e-05
0.6239401651088331,0.1671438252272156,0.083716096396785,8.834215486726253e-05
0.1748908810313798,0.1311454281199366,0.331564092995841,0.00010344499064898875
0.231226570652386,0.9913928411668026,0.0201804163061992,4.902598358368439e-06
0.6085634817717136,0.4839573732032883,0.0071179207794219,1.328704388449217e-05
0.9567396938380006,0.5277549385733296,0.0461853921805858,4.95610319183482e-05
0.4911687540185989,0.4307851057815016,0.0331823720875578,1.714372488013531e-05
0.1284857069998512,0.3235915813953658,0.2315633853441013,0.00010928645493050807
0.6341651388808714,0.1068812828495442,0.1055999638564461,0.000274359173679139
0.8864961263169103,0.3994247379755207,0.0188659649545111,1.2749257266120572e-05
0.6788801829529743,0.5707095114495541,0.0029983764272858,6.351326882439727e-06
0.6157280155772401,0.2291043156434446,0.0632863453545003,0.0003306049528198245
0.6801551864025659,0.0642023589412592,0.1098846478814431,0.00026139296247379293
0.3362292985342308,0.3805642505347036,0.0966800921093912,0.00040430306371979865
0.4240439817140954,0.1130443898369371,0.18985218454733,0.00028384824562828904
0.1453955131014142,0.4378364275225703,0.1587578333152207,6.933865006377374e-05
0.0558819961454362,0.5685815295865465,0.1443645307883484,6.53256019330234e-05
0.8775029821935026,0.5112365369890898,0.0246456430716413,3.240243218655572e-05
0.3673430720280076,0.7584641628864542,0.0060827685844048,1.0939532581292605e-05
0.1036198467526413,0.2604404337618878,0.2889831236379625,7.51773423768147e-05
0.9870768140803156,0.6438555352737803,0.0856373094588052,0.00012622988831089267
0.856473274289858,0.6047358385005732,0.0338191962275083,0.000280933745176546
0.9420451847596152,0.1347671827299736,0.0443167262728155,2.512528409496683e-05
0.7497295796391594,0.3924470191164214,0.0110460210595913,0.0005954395901115896
0.1337225978114989,0.3407028103820489,0.2180457799372099,0.0001061902195174869
0.3284204206764766,0.4097700375264169,0.0881632391547354,0.0005271710396586598
0.7149390496900869,0.5490536857789862,0.0049301263257701,7.282238543035029e-06
0.7078264629826198,0.4142289712230547,0.0096830903050786,0.00013644739477412836
0.0557416811168001,0.7824225463879857,0.0717530311899896,3.09506601961757e-05
0.1906597859703119,0.6124741858779439,0.0696225474974717,4.2419135032324564e-05
0.2987376685718144,0.0720456514042054,0.289600753519684,7.085476087998027e-05
0.3180241999276122,0.3461833404185648,0.1189500488833238,0.0001694904772690755
0.8501682598477788,0.021268184669946,0.0847689100035416,1.329511041075297e-05
0.1958664378881232,0.9906517654038268,0.0221574370845167,7.770794565657524e-06
0.5254833400210569,0.0559389445832438,0.1736324154663666,0.00010857888050824345
0.3045236559947565,0.9018401451878534,0.0113195169137929,7.040891433095735e-06
0.4117762815823671,0.220375580264487,0.1374462208913056,0.0002524564144824575
0.8555883576784633,0.8566713561757661,0.108962777464251,7.090073505492355e-05
0.9580334839519395,0.9644716145396552,0.2162910682003599,0.000490951940128023
0.3942586931679118,0.851794783199693,0.0067255133796503,5.472212220246084e-06
0.2795552687794749,0.0727018400475828,0.3018536192055539,0.00012955005141736256
0.7731577569610572,0.9348704480943688,0.1070035063193818,4.4001471233586035e-05
0.9840550242986632,0.5981773469132877,0.0710849887552204,0.00025567837820372486
0.9341084107336014,0.2872449589540216,0.0258538105363826,1.085170600096378e-05
0.2546198518400738,0.5821446631200804,0.0567463804698397,2.318641260422437e-05
0.5528075569223956,0.0675945079539891,0.1551338565621312,9.444753344766557e-05
0.1106403597407349,0.7402572181352578,0.0629211785861074,4.299353358684529e-05
0.0064165798696387,0.2299496644558469,0.3844581553690496,2.7339552049998604e-05
0.8777982652871684,0.0528671666709441,0.0697103494446309,2.838266913911237e-05
0.7509115269982706,0.5963594154810662,0.0119157296853639,3.79918898134974e-05
0.4556630366677979,0.8966477452161343,0.0149770483418924,9.914077134327949e-06
0.9643220007016918,0.3207709716167966,0.0283730860440543,1.2574218685393138e-05
0.8287036219473071,0.1828816204164007,0.0404748160756521,0.00039449039496303504
0.8591304880976904,0.118102363168838,0.0533320548594639,4.66271464389081e-05
0.0943092248319996,0.1712410471092469,0.3610877514825417,8.094100569590067e-05
0.5704652304208853,0.1326879087004978,0.1157451943178639,7.814565142852219e-05
0.6605197474101056,0.6942580887280877,0.0100991762180588,2.1977612604957247e-05
0.5197953800451882,0.8984941785360834,0.0233432851297926,3.934002726778797e-05
0.4063102602484756,0.5892533232086506,0.0175246349113003,2.0060253754584922e-05
0.2998712128377452,0.6958234275730202,0.0211292878229582,2.5802303227189815e-05
0.2296939489485236,0.0233618983929186,0.3755070777951333,0.0006649559981891103
0.1860240454546547,0.9688442714863218,0.0221339602737976,1.2628820484838277e-05
0.6058472831413424,0.7184849552989656,0.0063956649590002,1.580524497364684e-05
0.0520718564457194,0.8600994534083317,0.0568903753812172,1.7603446927297983e-05
0.2268432806342085,0.7681608963385045,0.0261148938068702,1.538995457348024e-05
0.3216738741440727,0.8936782458350521,0.0102819652342719,7.643987142238117e-06
0.8399670570709155,0.8712264918718812,0.1082980745897648,0.00010264362105368457
0.3050246999291179,0.2865341555198933,0.1537840553499476,0.00010828064091681287
0.4025000298847123,0.180220074874788,0.1625924346222315,0.00015293678357758742
0.5875812504205425,0.3839284523492152,0.0259103129854701,2.6947156870672046e-05
0.8270240968240887,0.6959642860267559,0.0455352153244703,0.00017936751728346565
0.0770748463677506,0.0637928517810396,0.4645963575891437,0.00016220755442422063
0.986183658278328,0.191392095626878,0.0370941326065259,1.416970736491788e-05
0.428892664520858,0.8928908620973048,0.0122451314891397,8.243528409303837e-06
0.7653691510464552,0.9659818773759944,0.1173507762675368,4.2472369907854614e-05
0.3433973287848725,0.7605023766342072,0.0083343855427091,1.5350693706713126e-05
0.5323185201124327,0.4658243065407856,0.0181452234194175,1.4761805623356295e-05
0.0385601302490732,0.6790428136597232,0.1091727788647615,4.652714783349539e-05
0.947065186069376,0.6076655618268877,0.0607604338327308,0.000574776508119889
0.4879021550422327,0.584985644212109,0.0066474006304157,9.360615416483746e-06
0.0857974942882004,0.3606226879641525,0.2359709105805701,0.00012906574168425528
0.8012899493537947,0.2368841288404656,0.0312947580824659,9.213502628640834e-05
0.8522924586773822,0.8338303265210643,0.0983538561410834,7.37571301427315e-05
0.8856368331504446,0.8202178114456294,0.1070319907151994,4.3830970138786144e-05
0.661672623357861,0.457232788166196,0.0070126620608785,1.2905915047472775e-05
0.886603287296667,0.3818049232784035,0.0187316189134348,1.0716762487987885e-05
0.6577395213919458,0.2324084024927746,0.0526168221285082,0.0009000584421018051
0.6073722067307535,0.5218835773970096,0.0036577146489496,8.453140733253222e-06
0.4161665704664113,0.458920903584803,0.0437863065814496,5.908174975657067e-05
0.0188030854941173,0.5501440329894638,0.1727357288748774,6.240178485675279e-05
0.3478827167559587,0.474559706797425,0.0589091936838139,0.00026707615694429744
0.5565985185620325,0.653811680883804,2.519571117090493e-05,2.7992018444340656e-06
0.9435358135717432,0.2371003067652866,0.0301187299215955,1.6980279290432385e-05
0.777227073174617,0.7469917117348243,0.0442271770279179,0.00010777196332334905
0.2215198724906199,0.1993571091078101,0.2517939019794279,0.00010090420879182683
0.8178479187706061,0.1150859650492498,0.059445807732417,2.935805230078168e-05
0.1205972161359549,0.7255606146644593,0.0631376855119205,5.29282366115224e-05
0.5298582313646297,0.9563087327215728,0.0388839252949928,2.539703753999591e-05
0.7873381144039119,0.827593182512392,0.0713734609446532,3.511876968658828e-05
0.6891573560259251,0.1440580699570514,0.0751024740380206,0.00032608022402977923
0.726708321932525,0.3951620187510691,0.0111420604349191,0.0003273845756745163
0.0189376747567216,0.9801792256364432,0.0504049822992844,6.5268163750893126e-06
0.5542586300519284,0.7224429093365115,0.0026356875631653,1.211934687754511e-05
0.1920440365170875,0.4707155820984458,0.1206067712256157,6.217450255513099e-05
0.631515656939167,0.2721505480099712,0.046199514377953,0.00025353163668636854
0.3043505198000482,0.907880076305982,0.0116547975205842,6.87222514864879e-06
0.1134571584650493,0.135112234651022,0.3746696178469283,0.0001448291137977495
0.6611231575375889,0.3142503412409356,0.0301845410693198,9.670715283602713e-05
0.5242807205881368,0.3839371813619497,0.0379347433895323,3.768548863033455e-05
0.7426379934725877,0.9647850442407736,0.1072978134912816,4.480614016777443e-05
0.2096826827052311,0.5930802568298008,0.0687010909918663,3.975897082626766e-05
0.7934366493339262,0.5873996362173475,0.0177807712479841,0.00026299118991325723
0.6412199654994448,0.5703532435692521,0.0013905903632686,5.9592416143580264e-06
0.4485295499959943,0.6202276790045593,0.0073030802930589,8.39728220046575e-06
0.2973125029488384,0.4481054299668479,0.0854754263276107,0.0004967080410267791
0.2643091811901007,0.272098045655021,0.1825217120761009,0.00011101780115782443
0.5938661310311506,0.3510294067740578,0.0324242107898024,3.3792192703992125e-05
0.4401519359916807,0.5737206793669735,0.0143247648358227,2.2854171722904256e-05
0.554296151725151,0.0202213836947572,0.1808233373572516,5.748253323587408e-05
0.3478260584198485,0.0327088866314227,0.2860739548331975,2.6613259932369002e-05
0.165563629436751,0.9748090575707078,0.0244320123554535,1.702671941229714e-05
0.5360631391607344,0.2875031930655902,0.0643469928179056,4.7354103384090196e-05
0.0329736194073669,0.5722238131263427,0.1546914428139351,5.496213621031931e-05
0.6927982627421816,0.204406788860938,0.0540850678584163,0.00034332910790843953
0.9977765010637624,0.0616832466979344,0.057772933578424,8.233960615677312e-06
0.6547981590469437,0.4214632120092723,0.0114937054402927,1.8718289227312665e-05
0.8490656516168317,0.9483906720467172,0.1476901467735297,0.0007360697432082014
0.1147628716076028,0.94210556336073,0.0325298997023914,2.055079261835995e-05
0.9869817944903414,0.6589306868965351,0.0904632892204795,8.363678418095384e-05
0.5808004766627374,0.1202959086710486,0.1177590925622113,9.13766985370015e-05
0.3610944718428337,0.7592124646081033,0.0066179269230341,1.1059675736697008e-05
0.7535919724766066,0.169181593536123,0.0535964818642846,0.0005559301997612027
0.3502437369126416,0.3453802703972969,0.1057295095536895,0.00012185281741257004
0.4949504706673279,0.2241170201260126,0.1021971894244317,0.0003269312310440409
0.9108512606487263,0.5428758292449003,0.0365765009161626,5.45755535340623e-05
0.807560499035889,0.7396218522778819,0.0511042411910918,0.0003912437546521651
0.1287197340250803,1.0,0.0292585049868224,7.34535578139853e-06
0.1305460069355132,0.94153445978795,0.0297655704534306,1.6124801716859475e-05
0.3416586163348155,0.2101334232215088,0.1763889085201893,6.587873154650913e-05
0.1020099360295174,0.3067972551263548,0.2591749839667615,0.00014183313299917378
0.5978930019196783,0.8753826295116706,0.0323996875246902,5.2421719427944876e-05
0.965985978251142,0.0665279752515708,0.0578030238906769,1.5557604328785003e-05
0.8732695522405584,0.5970366225487272,0.0366280527851691,0.00012895402456702747
0.7382098571774289,0.6466888824513646,0.0157946695380192,2.13462448096847e-05
0.519262152049431,0.1113915327515153,0.1462992716242397,0.0001251705063457444
0.6982483461194913,0.4971108773553924,0.0041852779745179,4.887275009860237e-06
0.7647891733355027,0.4207294314915158,0.0091775061860477,0.0007229834846322169
0.6736355532581602,0.94537133490699,0.0740869489563503,0.0001096983691608935
0.0872168020168373,0.3677120059797388,0.230785927326883,0.00012460083210830464
0.6458238534253034,0.7000987482357539,0.0088942111570515,1.990347366106016e-05
0.8027904228725447,0.328759585607897,0.0171627339863622,2.1389522464701434e-05
0.1268717074635728,0.9624343304432034,0.029712525532171,1.36071644330107e-05
0.5546385092118136,0.8758938622104452,0.0242890917096424,4.590361964042074e-05
0.671484396005557,0.5827166684788733,0.0028412126560325,6.271935628417833e-06
0.1979090068520563,0.8585931463477271,0.0227575783754098,2.3773657749427028e-05
0.2278732414910441,0.5459145237176181,0.0770943227526932,3.0272653037068432e-05
0.2255090479085799,0.8671514198772728,0.0180794953774445,1.39662820744996e-05
0.7149062937749124,0.5494219058779535,0.0049380506259892,7.336919343623514e-06
0.951765296592279,0.7682638202474386,0.1154047662141558,7.531956031822701e-05
0.4720000913905483,0.3582474084618673,0.0587147373296889,2.9106379030679793e-05
0.6779777271178618,0.3720956592652614,0.0169543182027325,2.527236318889305e-05
0.418104816768648,0.2146655205680809,0.1374956668846747,0.0003109178233500671
0.2217483093944337,0.3860025970307021,0.1451147118783811,7.003064563187525e-05
0.4597736130401333,0.3101665484851995,0.0794651674929909,6.58528180976434e-05
0.9457549299928372,0.9191197084899208,0.1835278867728251,0.0006514555045516888
0.9466923676014092,0.0575138875434357,0.0611500494701391,1.9503827483775968e-05
0.1448738703621419,0.3178774229138626,0.2248638256154375,8.916927413012795e-05
0.5959022084260384,0.8304270645376609,0.0220552087452221,4.6504017938422964e-05
0.3959670865777394,0.4346308504109382,0.0565857818987813,6.331015495638941e-05
0.8459328179244014,0.9022052022786422,0.1243740488050109,0.0004455202443057729
0.4964816900151872,0.4944048209157886,0.0185590606300766,1.1372349165523887e-05
0.9965258102629104,0.6705215150089334,0.098354502846931,5.359113711508386e-05
0.2926154818491859,0.8973732205702365,0.0116725195732242,8.18763224177021e-06
0.3534154924993846,0.6649900235091958,0.0155784671264979,1.4524726267589608e-05
0.5750700033481068,0.3264162640073765,0.0425680860623511,3.6703962344253315e-05
0.6336497825178763,0.3934844203950028,0.0177517784285737,2.5056742045022158e-05
0.6331019436611947,0.9712225645614356,0.0703640192601318,0.0005011990288226176
0.3488624250402657,0.5251051819485077,0.0441295181857246,7.422315057627116e-05
0.7189994734521256,0.0548827907569061,0.1024002136337155,0.00010344336337482156
0.8357293914507208,0.8873596224195417,0.1132907207609829,0.0001920722612616512
0.2234957398671541,0.8167351583973805,0.0215386481425468,2.067738905828555e-05
0.3163040287126579,0.99325558341084,0.020289534909418,2.0062485738516585e-06
0.6867822612548093,0.8037964411037593,0.0349558722879875,3.30660799453983e-05
0.0224127056522954,0.6010351940054648,0.1474877054430218,2.457532088127925e-05
0.9020170671649184,0.2986458873181196,0.0227820877041337,1.1550906453597727e-05
0.5673637311469415,0.0893138328686979,0.1378705073899367,0.00011525378738379322
0.1244866887979112,0.341252175789653,0.223377831661739,0.0001026731798381854
0.8522408752359114,0.3181397071212403,0.0189041164410134,1.3281017554237962e-05
0.0013272264867664,0.670734093021276,0.1296142807724479,2.829204093329021e-05
0.5450051237339009,0.8985678448939831,0.027565105076836,4.529725072977719e-05
0.2978245963021045,0.5035745873867687,0.0660900893133807,0.00032158270624414834
0.2410701297223759,0.0228059083188315,0.3674358309271692,0.00071215148904877
0.8769260587499753,0.4860994496609547,0.0219953501772981,2.919456101754275e-05
0.95972529755935,0.1278084731317584,0.0453480503111844,1.9149003699603157e-05
0.1141565060811132,0.6620162210542038,0.0831292253996015,6.078412474603717e-05
0.8280389499445423,0.5197424259307455,0.0166437200853934,1.410828672204133e-05
0.6270734125783313,0.7679029471105463,0.0158097917972503,2.598592062734069e-05
0.9919248837019624,0.7891703582573762,0.1437038637438247,5.70447895083129e-05
0.3623374543043249,0.3791666838195097,0.0872524610806165,0.00018306969789898278
0.999517053000231,0.2688322734933385,0.0336300048714156,3.579212505476055e-06
0.2242482852187051,0.7694628071285645,0.0264911478597115,1.589315143625695e-05
0.750323519784613,0.1865323849300612,0.0491496986252593,0.0006830417160446365
0.1298178463354487,0.6024307448248709,0.0965137115611715,4.828689478580275e-05
0.774162424190886,0.0960178907692841,0.0732001135837872,3.111927909139945e-05
0.898142014801464,0.1073732171883547,0.0523979456532557,3.404011196847541e-05
0.621377879301185,0.0106806251761,0.1571800539347859,4.830501519844248e-05
0.8177570396851126,0.8052111967323581,0.0745503502870414,0.00010365747996672934
0.126977838987731,0.3223480789779355,0.2332700888428167,0.00011309981175237686
0.8341495424340877,0.0644589614133926,0.072731013624225,2.9749774330638044e-05
0.7949882623554594,0.7051594975613132,0.0388693054811088,0.0001075890862186417
0.9221637113141395,0.3113810180178335,0.0237003367557677,1.1312844827656897e-05
0.2523687730459502,0.521288185919731,0.0763013657446995,5.974672899795224e-05
0.622770917536136,0.1809715029041987,0.0787248570982215,0.0001280475555376427
0.3120518330247073,0.90278618271022,0.0111024597905541,6.756292824017897e-06
0.946112357488809,0.9096266800366052,0.1786492291008522,0.0006461292456983284
0.1372107648355812,0.3602130299149987,0.2046186768800954,0.00013513677674086762
0.7584145470481579,0.0994408982561108,0.0752723199631084,4.168560118092378e-05
0.5406496892617847,0.7518966518953667,0.0041049876620615,1.0815245534130475e-05
0.2053227856199677,0.2707253135906557,0.2167620392068539,7.993131381550883e-05
0.685117663486848,0.7083098007123638,0.0157339967576072,4.102195169268865e-05
0.4753546130701473,0.6716461431535099,0.0015436233291253,5.698760099157607e-06
0.7883626615016562,0.1309600621416368,0.0592685697252766,5.912329574664488e-05
0.897309168586479,0.0013711555947724,0.0836038076719718,9.531245523272675e-06
0.5373228463353361,0.2460168748354383,0.0790407523410308,6.706991812065398e-05
0.5925808397302059,0.2964882039497306,0.0473520665043238,4.1078525533188875e-05
0.8417144522366622,0.7458168479314439,0.0638156391816543,0.0007409880500071493
0.5617200456772478,0.1080250375883713,0.1307712564974055,0.00010377196500382792
0.2804409214553409,0.3817065353443606,0.1195646751823924,0.00024261294164262684
0.2628846385864656,0.1371626862747555,0.2671830831888002,6.937038888533012e-05
0.4072300623810472,0.2580645380509978,0.1212368965545617,0.00012159865939559292
0.7259660558817983,0.3684216840776274,0.0143129810071384,0.00014401952370742324
0.0166602095045714,0.0943848582165917,0.4903772667769196,6.403499835958683e-05
0.6328243589518103,0.5054502383258754,0.0039646975652871,9.314806119048288e-06
0.6568641263663052,0.685257376077178,0.0085779357975947,2.0748315634085554e-05
0.6219206812566971,0.044164799948932,0.1395119767494327,7.247110265430036e-05
0.4945822364283455,0.6138912061541221,0.003445184419191,7.543497314826483e-06
0.2550530583239643,0.3524036227186641,0.14513232406029,7.183716515371827e-05
0.641742599924188,0.877063738884217,0.0429454253799714,6.596788386650187e-05
0.8303574400097801,0.4071563050144358,0.0131675794242317,5.137677139053072e-05
0.996752115633758,0.7010087550011256,0.1094717152693725,4.061349351815352e-05
0.1744170386679265,0.8339810626853291,0.0293233673452403,2.5934542821387367e-05
0.2696323925443286,0.1742723671934821,0.2383244255469341,6.834702430337882e-05
0.5025934944642416,0.6875497778063441,0.0003399339018762,3.1226822722112714e-06
0.3072359558171939,0.4717092426764757,0.0734021448713616,0.0006187535058909991
0.9148069648076764,0.5892806687681528,0.0464393082411716,0.0002733261864193809
0.8517962736119226,0.341979952457315,0.0171480872041132,1.1107844512236755e-05
0.5008378555062739,0.3426143757087131,0.0557369865094438,5.232120550355166e-05
0.6150285563019643,0.8842852437724362,0.0384420891293677,6.175144471097506e-05
0.8196400141785937,0.3352793818108428,0.0166006259925192,1.4788186992789693e-05
0.1496042114885341,0.542063268575763,0.1104864918538433,4.633436452159338e-05
0.5563123703568548,0.228203315952918,0.0800467546750518,5.937052040396584e-05
0.0780039486282225,0.2496538976136345,0.3147641881077904,7.742435438063165e-05
0.5631698783359875,0.3034294409736485,0.0520668072766217,3.844782565926195e-05
0.1712638360487536,0.612640007923252,0.0766603014564151,5.7269388946380904e-05
0.6253199841028149,0.0714457073489413,0.1248439788019326,0.00012347082432173694
0.2438915647522879,0.3789821570886232,0.1376971348232324,8.489013026604309e-05
0.3794604443210153,0.519516843801393,0.0374743753263976,5.1647831674577604e-05
0.1177864472000678,0.0752350992593054,0.4204141795301495,0.0001555746796871792
0.0942660898430633,0.708092505752336,0.0771237774963609,6.735896401071084e-05
0.8829243309014084,0.4995622438968899,0.0244322382327872,3.302468843956253e-05
0.1195220803509098,0.0151019579587047,0.4715608867824835,0.00010915973931503399
0.7053151600490827,0.0420176475086001,0.1120179169729588,8.315759580563733e-05
0.535243024110995,0.9911436757940651,0.0500319480335888,1.8267721062405036e-05
0.574984775590396,0.727837489708773,0.0044948438679923,1.547192920534773e-05
0.9132148130655248,0.4817669545505441,0.0286098163472889,2.8906974410949413e-05
0.3943947638983302,0.5296948441259957,0.0314722219628102,4.0091984179729886e-05
0.0570147536064886,0.6599073976631051,0.1076710248406756,4.9432102868255625e-05
0.0984487890711569,0.0780045108564443,0.4340288025129338,0.000159403636148568
0.7443850284625857,0.735021897531572,0.0328185786911765,4.9201806601837214e-05
0.3238429556767864,0.4243334370331567,0.0843604630713912,0.000489512347515505
0.584026227687903,0.1887758968663236,0.0870316640041611,5.410405365208874e-05
0.8139883694671056,0.247555225053691,0.0284975193445046,7.955026411246501e-05
0.4298556644400861,0.7000384259679581,0.0033007227841762,5.226708725337775e-06
0.4688614833221761,0.2883136288420321,0.0848531636900554,0.00010011063440039904
0.8020472923065707,0.8290242724600307,0.077095899364052,4.727002676297223e-05
0.5368653143899318,0.6346572148516856,0.0003110679646076,3.0754652260258776e-06
0.0664481965253635,0.4172127243588846,0.2147437130289598,0.0003062792059486521
0.7085178456214835,0.7093600835693438,0.0200697220215711,4.543009388341924e-05
0.2337398865871585,0.0206830462207112,0.3746376677588621,0.000684763836207839
0.4007503883910945,0.9810566825821524,0.0243526321527773,1.0430261199218416e-05
0.7483612000086642,0.3105456127260235,0.021648133224726,0.00033837099054599766
0.9344442494314964,0.1122695161535718,0.0490510630772478,2.591159924232419e-05
0.9053105206788816,0.4379866125866043,0.0232189937556396,2.045651870109389e-05
0.1462396357781641,0.0787809353061461,0.394571843956893,0.00015389540365993512
0.5429632476115891,0.0751852791500481,0.1552780453050711,9.134174757562114e-05
0.1591376923426607,0.4399024840945792,0.1506128473094284,7.937202375631127e-05
0.1846934393261999,0.3186976185681944,0.2006217801739413,6.706932607285084e-05
0.0115740123098815,0.4595244750106496,0.2248109899945243,0.00013733355822328084
0.1464792433933457,0.7137790559948766,0.0574433838429176,5.293987394063205e-05
0.560087070821011,0.0770826147933983,0.1470782595468457,0.00010217662424889733
0.1379422945882779,0.3340961808067754,0.2193913516347538,0.0001001010787573721
0.8884286498897292,0.1599142424066357,0.0412787306799475,0.000149328791473521
0.632192237543561,0.6837886582061035,0.0056604914200681,2.0084197769068482e-05
0.431287775054827,0.7980437810174262,0.003593884098859,6.4649629187562356e-06
0.6307279233493911,0.0832759323892434,0.1173877062554092,0.00017349416032988191
0.4713696195236505,0.0292624756511109,0.2162967382080665,5.7550543328591065e-05
0.7202978347764568,0.6482691698160474,0.0130866537844537,1.9361840678186864e-05
0.5618774165747318,0.5628776684454919,0.0027817926639962,5.169741962998539e-06
0.0758876662338658,0.5423724890208391,0.1457172721892048,7.549143845742247e-05
0.2618140695125323,0.5785659608782844,0.0554536069881098,2.2923421891232528e-05
0.6900666168948489,0.0205568557558003,0.1267994330965675,7.321626191146711e-05
0.8188139451235434,0.3688068818733875,0.0140052820661753,4.5934013290744384e-05
0.8588382560798579,0.9363025298259056,0.1465545398344627,0.0008919806243520286
0.1742231734868157,0.3927903938781726,0.1661527500674324,9.485935693339992e-05
0.8749043383665519,0.847902437721009,0.113751265133162,6.888172203334081e-05
0.8204996382728827,0.6157764089734016,0.0272912874576419,0.0006346695424308524
0.6404890749047536,0.4798143974957011,0.0057734477037085,1.2342914088643343e-05
0.7629374937915805,0.3361470479565809,0.01705839366833,9.074105023730297e-05
0.5823346632983569,0.0951034241845981,0.1292027773658977,0.0001122105301620348
0.6062883516689576,0.3546591244636091,0.029421912331463,3.060428860804468e-05
0.0370320517340202,0.7400391118212329,0.0901998055192506,3.274402169545719e-05
0.5270101678707301,0.5127991295034943,0.0112094822390158,1.3347532032269575e-05
0.4823136549894447,0.3103759185204415,0.0721309824273026,6.983016948049542e-05
0.717974381539399,0.0262437319466169,0.1152444496369432,5.7900247218747594e-05
0.8204222193085283,0.74562259275312,0.0567715435644687,0.0005855743826888989
0.5117900845839354,0.8420144976984524,0.0122457547068273,2.4402157796219682e-05
0.7708057304067933,0.0604050534613745,0.0868739522552844,3.911471877489202e-05
0.4589322372397463,0.8150102240502569,0.0052650984308397,1.240161800694461e-05
0.146954985904779,0.4037090019536279,0.1752637516646804,0.00010771699083139004
0.4255220424251117,0.1979388500178611,0.1426249857828384,0.00034765296129928746
0.1377066218287322,0.9262135612760478,0.0292079143896526,1.657925143587427e-05
0.5807356397953911,0.5444836238615334,0.0031632686211393,6.646262505261182e-06
0.8784757588255717,0.949872089119674,0.1633712689100486,0.0007468769614765403
0.6181893412366181,0.4654935280236786,0.0085612853704811,1.251380644985406e-05
0.807353722821387,0.4338919514076814,0.0110067034418051,0.0001530015350907013
0.711777533427297,0.9933206163016008,0.1071895732449355,2.8281073802055242e-05
0.9759844202232516,0.980741468312482,0.2372407525601587,0.0005435730572278475
0.2382166036691223,0.6021691531250242,0.0564659601527865,3.115118764865281e-05
0.7081138953609623,0.8167389979282802,0.0436723343562667,3.820632360052054e-05
0.4446792550300548,0.254486445660681,0.1077717500210046,0.00033736301781119976
0.4667481446297906,0.7938687630224733,0.0038742092604886,1.0749457663622875e-05
0.7000287571016581,0.6808480059271407,0.0141655894378293,2.9640468150421265e-05
0.0231217319064303,0.071004514797946,0.5058867150290006,8.419626535008327e-05
0.9981944782900132,0.7928119329925932,0.1485771459076023,4.421990331793388e-05
0.0157939197430968,0.0609863964847101,0.5218962857360055,6.827351610632772e-05
0.3481547066562686,0.2643868523169234,0.1443718754192088,0.0001028547062819768
0.2588696139374729,0.221993343566318,0.214809144168558,9.96164109565951e-05
0.86230352739853,0.4457662309111096,0.0170539220563954,1.976254451417619e-05
0.3767960052713164,0.9276751832426312,0.0138722844606102,5.985871724551322e-06
0.6521762161850437,0.3671331517089241,0.0204104751673631,2.3639504941925314e-05
0.5127022526382957,0.8121613180669432,0.0082869560934857,2.2342383495054886e-05
0.2530528734202124,0.2562296784807525,0.197761182920128,0.00011860268715656689
0.7241780315234192,0.8837827541826399,0.0690579972441285,4.0825443834265336e-05
0.3808580092813893,0.837995252141643,0.0059650863010503,3.836041168595166e-06
0.7238526151509148,0.7621371689631392,0.0339980256927551,3.2991904155327997e-05
0.9338813935120684,0.5030696233975782,0.0360500663161822,3.0216661941770338e-05
0.4479433351601143,0.1256054141096186,0.1708364983736182,0.0007356935142641958
0.1482059802338936,0.9428569678536164,0.0268761387302198,1.9571476628452295e-05
0.986696918108122,0.355682936311834,0.0328608372098928,6.760148402470704e-06
0.1700917269402748,0.2217669217862103,0.2701756563015067,8.91642024587777e-05
0.9180595969898204,0.7604551695936734,0.0976419307756391,5.3442229522125184e-05
0.5661471945934129,0.9223418696933624,0.0375337796974687,4.869088396914119e-05
0.3831148774968215,0.8170327606872795,0.00507108802196,4.585729572325366e-06
0.003839477379038,0.4498014547118673,0.2353914594947988,0.00013529418823542738
0.60659680105827,0.385972515736333,0.0226001955814849,2.5825896962120752e-05
0.0806552214350032,0.1877334632697783,0.3588321691871267,5.154628060606726e-05
0.2857312719084978,0.3864229266171695,0.1151555073499013,0.00030239724043731306
0.7604407295914976,0.7324647600495734,0.0362104350973688,6.0740768428494844e-05
0.701267876834215,0.8499521190982432,0.0511706406064041,3.859422617959876e-05
0.2589076814364364,0.8985847059761959,0.0140218010973758,1.326692640908496e-05
0.4611568272991221,0.1960082811609894,0.1282373211233674,0.0005737035685610418
0.8902772709006042,0.2747686415364064,0.024111920227481,1.885949506961916e-05
0.8441804202794035,0.7065771690270618,0.0534061141253435,0.0003075744134869952
0.909826126570352,0.2665570622894914,0.0256917732321892,1.5822423085930753e-05
0.9815670420438414,0.234605278515481,0.0331176186023661,1.0595314542409957e-05
0.1497317763725539,0.6955124413859053,0.0608543325350356,5.376919526700438e-05
0.7246121902949898,0.4223678092395566,0.0086397138206947,0.0003106489307530298
0.5437406441877334,0.0810033620304333,0.1518504387036925,9.116400341938527e-05
0.906277974273314,0.5099796107893461,0.03056239105736,3.549844405460373e-05
0.2649475233461126,0.0835384807153183,0.3037840543036598,0.00013082075868507735
0.5942037609011543,0.9668505853909874,0.057471050336256,0.00027072049001232885
0.3527368352996682,0.936899247832264,0.0141012663250806,5.351228582508517e-06
0.4892267708715582,0.3425892283624302,0.0589519105268855,4.369645783164132e-05
0.3996207019849284,0.2922946097810349,0.1088367893200271,8.320808122854508e-05
0.725153896608077,0.6562222489396221,0.0148910282254859,1.9800541956599715e-05
0.5817269094252385,0.9500281260417356,0.0489506323096832,0.00013142907991147597
0.4621640198156059,0.1358823252292689,0.1585354631262464,0.0009040271076793294
0.6345137713865944,0.8430139558943814,0.0324425136936387,4.932707986150294e-05
0.2599554604487393,0.9878325237201474,0.0190295737915555,3.6133535177939496e-06
0.9714356360328292,0.4342034455640783,0.0360297207408372,5.025451470584951e-06
0.9217300130238228,0.5201071386003023,0.0356368759609957,3.9202799475177874e-05
0.6835142880714431,0.5595684906971076,0.003063931514917,6.669467807722645e-06
0.3373262953351422,0.4502801800470034,0.0702701191997113,0.0003869476356078895
0.7472162577479178,0.1795559007355253,0.0516337424432256,0.0006524941721068148
0.4754222025428546,0.769206252944026,0.0025273284079823,8.218416689203797e-06
0.0440508942960711,0.353102254721349,0.2682300403761063,0.00013447792608479127
0.9825242631963316,0.5875160078662574,0.0677060702002411,0.00022911487495905016
0.852101378152653,0.1605902261609299,0.0435464577508866,0.0002809379375716008
0.9206423517511692,0.0382137425083217,0.0687897737473464,1.969521119658878e-05
0.6198008233841549,0.5076713197447836,0.0042557948794296,9.835441388204113e-06
0.2107052146121039,0.3085505918121655,0.191572100326578,7.251473013805657e-05
0.1638063359874122,0.5749941609662745,0.0921164871854093,4.631131854063161e-05
0.0840749172707148,0.1311876363009883,0.4011504577649707,0.0001334859856692402
0.8815030231311379,0.1460905215336108,0.0446117708777892,0.00011044480850950593
0.0883741690248848,0.5485117657892269,0.1367032159123888,6.169865497676902e-05
0.5977513523305362,0.2741555073804935,0.0529473629978216,7.167074860124074e-05
0.8946382049430783,0.9907036020684198,0.1943287282102771,0.0001247564099998398
0.8673909493424983,0.687996104749446,0.0557330181323519,8.443756493319463e-05
0.6255466368075304,0.1289349967584616,0.0988157991827018,0.00016532270745268592
0.0563220823724793,0.2448480081289262,0.3342636187919127,6.734462052113729e-05
0.96531043637647,0.8615863992592527,0.1643478325500141,0.0004599490733189246
0.5610755092833953,0.5428089437170204,0.0044583335597598,8.244545384168005e-06
0.8138610310430954,0.4520739949514143,0.0115856905219654,5.5393875494703084e-05
0.1880689006964637,0.919261184850331,0.0216854612813358,1.9641918801191614e-05
0.3348045130952133,0.4220442556375476,0.0811683503717522,0.0004360521622380346
0.351619045847175,0.6530635514794412,0.0175235210232134,1.1714944780420405e-05
0.7173883493815608,0.0042838525084254,0.1255710362230482,4.388413095104057e-05
0.3734153699330912,0.7991328808140827,0.0051188280602205,6.102747142095555e-06
0.3903839760937085,0.4368002815634963,0.0575878292150938,7.284300882673567e-05
0.6424075061614875,0.97215630055019,0.0736526313902534,0.0004496912524307353
0.2004161744123891,0.0777130268029689,0.3539671548816214,0.00018767384750905373
0.3908750897553401,0.2726393558999375,0.121335018302663,8.197204392368203e-05
0.3940875085264417,0.1962346238595441,0.1580122119574721,0.0001343445131725852
0.3919825101227538,0.280842424612427,0.1170911311869244,7.804828043215083e-05
0.1352387323284983,0.6133889367288545,0.0904846705547203,4.375187555833367e-05
0.2543723763749795,0.8579671561047987,0.0146905599641855,1.2075733297440224e-05
0.9475373904060822,0.6750763683611946,0.0800880866338343,7.309218439381924e-05
0.4730702478831697,0.9703876498722964,0.0318781724104055,1.5527234475043777e-05
0.4150106526053489,0.5077617199030335,0.031739389121415,4.561882315550596e-05
0.9246535461789832,0.4337354665815125,0.0263446282441205,1.8474581641328976e-05
0.4568691885642885,0.942042392660545,0.023257978614068,1.5970360503123455e-05
0.7239084491985031,0.6576169183796051,0.0148731655598686,2.0213788165773082e-05
0.3525430231713,0.2824451288241579,0.1334343299551856,0.00011285380413239653
0.4611151470585186,0.031119043283838,0.2205797501544963,4.919628130409385e-05
0.6273224843460959,0.98156000739557,0.0722717443947498,0.0005370105962253351
0.911469120111748,0.3531201339637898,0.0216332533942343,1.1952462789422766e-05
0.7151307108540547,0.7267097694103407,0.0245356860141087,3.8924507403082965e-05
0.8208051106847135,0.3322471319893518,0.0168999675241078,1.4323792395483056e-05
0.7784972507014145,0.0251420331435724,0.0989409745472939,2.2876249335001202e-05
0.5571341578231529,0.9205920490697864,0.0351836106595371,3.770137460231197e-05
0.5202375307096396,0.9408803324821804,0.03302473745349,2.0195810796141064e-05
0.0539447759411343,0.7357135594555871,0.0847320018292805,3.8643441606745e-05
0.1743279266236069,0.1414840099119731,0.3242202828515452,8.097744860058719e-05
0.8245679575962162,0.911308091275488,0.1188161246878493,0.0003213279545709523
0.2665411969592899,0.204548297179994,0.2210369769334807,6.919596779514061e-05
0.5715208010642936,0.6164840631533421,0.0001820170496815,2.8319955094506714e-06
0.3973654653770512,0.7294782745184127,0.0046129907742828,1.0915650809013432e-05
0.2836670347250185,0.911478167308516,0.012736771752362,9.738515015916065e-06
0.1065964949782997,0.9895616677376056,0.0324091086760166,1.1068385244685185e-05
0.4605245289983367,0.9834751314700236,0.0329605553674728,1.369844034565994e-05
0.9976852673001964,0.3016062017567528,0.0331569310496881,5.287369426452417e-06
0.2365676199623339,0.3801236857984736,0.1406862019131091,7.113921337239904e-05
0.597923484802458,0.8329848671418737,0.0229293995490721,4.812401800561689e-05
0.8906910785401032,0.1168147402534759,0.0507008301554008,4.1670559861642065e-05
0.0939112010650436,0.6790601780250108,0.0858260910337281,7.415635906549417e-05
0.2114924220284056,0.67140237871355,0.0472875065999267,2.029782309421977e-05
0.6137780026761385,0.7894407502946136,0.0173620205847851,3.1755348555221574e-05
0.4949953824250592,0.7462944665970294,0.001735138571164,6.2464693188091555e-06
0.921427771231256,0.9165997804540262,0.1688475150468713,0.0008927560978299175
0.501632471829487,0.3243287175046823,0.0615083459277115,5.093091466102964e-05
0.9672080552001086,0.8445238822715133,0.1569381017051355,0.0003530977249983029
0.7281366390932266,0.9426208035253876,0.0923648644069493,4.936674083316632e-05
0.2784503684612966,0.8002410388635042,0.0141135747436934,1.2412483692723187e-05
0.4169911367690837,0.537633971065932,0.0248625233340451,3.881007623552939e-05
0.662003808495996,0.2078657559313727,0.0594427637591035,0.0006241383951024475
0.372596852459877,0.5842160199160799,0.0249335221680543,2.7779383868730642e-05
0.2093998133113826,0.8987978395914712,0.019285136597954,1.3880163351720484e-05
0.3998134436273359,0.2829473232151641,0.1129146370043148,8.304904646085805e-05
0.3661538848631772,0.4153705269116754,0.0725143469848177,0.00019387230181146936
0.8791946303558735,0.1072165622574013,0.0541145755279106,3.917793655894704e-05
0.5286783044703026,0.370125680338919,0.040672779938034,4.736905331613059e-05
0.2572866857171385,0.008661988526645,0.366805742819749,0.0005180474991443476
0.8168300832428309,0.5930678993645025,0.0229777372841979,0.0004677990772887647
0.5935379826382854,0.7270294192197729,0.0060595943833754,1.6211615829643354e-05
0.0380426232482336,0.4119326277784905,0.235688814798146,0.0004735551604854081
0.953771864216756,0.948212908287136,0.2042999887514696,0.0004923008881624898
0.8534033606259028,0.4355596606427517,0.0155706560137471,2.147280481984326e-05
0.3520236666113873,0.0327596187160132,0.2833637825746081,2.5689930696792167e-05
0.8206596055272531,0.1060751242061324,0.0617220906975322,3.021466959368358e-05
0.4803817630821692,0.2182780727028428,0.110195607075963,0.0005197082024638667
0.2186767396392205,0.7498036415979393,0.0304795667686431,1.7438955442204328e-05
0.5203876165586188,0.3252513445648066,0.0560543698109643,4.644655479603349e-05
0.2323874334853525,0.2280618818069818,0.2267285817162115,0.00010217569367681844
0.676661289249156,0.8202264703828421,0.0365723988513449,3.940368602011176e-05
0.3649420756189694,0.4740750102964525,0.0538306036373262,0.00014606328201509326
0.3890017635150258,0.3284113892392389,0.0975576366274793,5.5367384943029946e-05
0.411977810349159,0.4996210018667799,0.0343594141385983,5.1032368518263955e-05
0.2481825346773301,0.4489766976697989,0.1048843519368501,0.00014142310020932465
0.5590473963132804,0.1951445597154376,0.092357692794956,4.522073591710157e-05
0.5010275090187847,0.6731282964945787,0.0004810635669474,3.292134864895339e-06
0.8906840740607231,0.4513235103396788,0.0216484601094859,2.2213376244713725e-05
0.5904063532397299,0.861705384281476,0.0276918760855213,5.120162646672452e-05
0.8776171778804637,0.1124298286094991,0.0529287364847991,3.9994002365677854e-05
0.7004668125710035,0.5407327383463142,0.0037955066848027,6.738322727093771e-06
0.0695571198736694,0.2214878133433225,0.3416466090840803,6.75240721951929e-05
0.2547677280218515,0.2694454566912779,0.189213638930854,0.00010805484015730583
0.5318394459219467,0.5862090039173606,0.0028519137650657,4.759959537434101e-06
0.4640500778758615,0.8289288509067573,0.0067996594489855,1.683399034884157e-05
0.2657850286927175,0.6732232314956509,0.0323211228079284,2.720695998344744e-05
0.7525691812092352,0.0247872220065301,0.1058794318690815,3.718847692264172e-05
0.6848918779582213,0.9652452780377888,0.0854334201504254,0.00010576998586918454
0.6087344505111989,0.7725423049449167,0.0137896242239841,2.638764223811815e-05
0.5554049237594404,0.3441671255210868,0.0418886951729106,3.641098262620887e-05
0.018641827792947,0.8121067834158973,0.0779982157972376,1.9333515086972054e-05
0.7939627933871624,0.2317619181300556,0.0329005185890499,0.00011220279578532623
0.4928303127117041,0.2855196646048371,0.078017707942838,8.597993963378756e-05
0.650751540701636,0.0146254574101578,0.1436685970600971,4.523486191394808e-05
0.2264402124674903,0.4436672553792038,0.116583057045549,0.00012610701081156977
0.3211995642331008,0.2796867972391758,0.1494218575945658,9.484322059777765e-05
0.2544842941009793,0.4609772938790491,0.0974644639744035,0.00017854205752162775
0.992289941511905,0.209615184064532,0.035868608252013,1.1880607776434752e-05
0.5385617001282463,0.4265015365338799,0.0249377105210195,2.992371848278828e-05
0.8322638575944324,0.6138799089168417,0.0296448437528494,0.000582884870696821
0.4569805210517746,0.2200012882717221,0.1185605388931837,0.0006825701423104336
0.3747098766724113,0.6916314898081314,0.0094519868817669,1.3859224038487607e-05
0.7219519278617886,0.8264929639973422,0.0502413367634646,3.289540758550819e-05
0.3220277239173538,0.2753059702694216,0.1512620469491761,9.344286085686158e-05
0.6791957798690378,0.4023670709018472,0.0123918210981017,2.6192004125490208e-05
0.6075642030475058,0.8850053797562468,0.0369216403872578,5.7572433602245834e-05
0.1011593225527729,0.0809171315962296,0.4292779097944983,0.0001569347244558996
0.393887509800747,0.0883443733012878,0.2209934974388224,4.209751150947991e-05
0.6087580727463965,0.7766259359389203,0.0144386317785918,2.6214352069329653e-05
0.2151802757311975,0.87073048433755,0.0193893536739871,1.4457584683572371e-05
0.5998600504315451,0.655115335047421,0.0013279779540072,6.931016829962598e-06
0.9607926594123092,0.2039961092143512,0.0343496298451594,1.540099573248917e-05
0.1063907081968365,0.6765697162390701,0.081699938457981,7.152812470223687e-05
0.1896116898441259,0.7012700001650202,0.0470310803371831,2.5284051115380385e-05
0.1100973950667908,0.7052285019156057,0.0720840905532033,7.193827019571404e-05
0.4406742683390665,0.2149811624918891,0.1276296995126959,0.0005808941864365045
0.8637219366586825,0.4569828094246518,0.0177816716706214,2.037168504286996e-05
0.4434103726087576,0.6819413049140592,0.0031283605224963,4.669596399000632e-06
0.9684521946519008,0.9566575132858594,0.2180055135486207,0.0004677927689650019
0.5271938685241908,0.1939380638962552,0.1037321421677546,9.592972997063733e-05
0.0337060219445501,0.5116347357393382,0.183340325986536,9.298438729188303e-05
0.0536082414398343,0.5623632439795653,0.1482861233174076,7.147495280236832e-05
0.5017289959617298,0.1276097932300056,0.1453661763845773,0.00035064051333226606
0.9326640836356156,0.3589294370345069,0.0242969652825357,1.4240830330325222e-05
0.6167505762151939,0.4522748290378525,0.010347321751428,1.4243044874450861e-05
0.7590146735788174,0.9749710692049172,0.1186753513121108,4.085901135385084e-05
0.0044497692432162,0.3237416338141379,0.3161559127350824,4.3976559437598704e-05
0.0771841215527059,0.3996497434172036,0.2182216714512203,0.00021421215108453052
0.7183015558225125,0.5734194981187186,0.0062165029163025,1.272021026890128e-05
0.163944116751808,0.7831684150212536,0.0385526203246991,3.6130148429652387e-05
0.083459918064846,0.0866280579092287,0.4391627090666862,0.00016760435603039737
0.4179387535858239,0.9958735595586888,0.0295105654848885,9.081132257223426e-06
0.5700664587308228,0.7020851000902153,0.0021877562952559,1.263647912590312e-05
0.0544166647242455,0.3365697550538345,0.2718887147429812,0.0001097571396531755
0.7895920747340262,0.7508082994247356,0.0487766974665957,0.00018325613465112762
0.7614087348776348,0.4099974717511296,0.0097397231183698,0.0007816415009602176
0.3122542761638663,0.322515046686015,0.1325046150071178,0.0001032551245041907
0.3502059437570858,0.3368979852389009,0.1094062812890083,0.00010278937616713957
0.7754385357281414,0.7197763116497321,0.0371239434646822,7.85259441173944e-05
0.4865320594028205,0.0728486729759523,0.1822900390537382,0.0001114713783344243
0.7269006034222869,0.5114539507208754,0.005177590152011,4.172757382269845e-06
0.7141553741263578,0.6471371021903591,0.012017675573831,2.123472836120689e-05
0.8760626183419526,0.424884614635114,0.018140694845285,1.7616772360913506e-05
0.3738676062710407,0.2200297033626225,0.1550550894189776,0.0001118073971492
0.840561570525349,0.6049645135064907,0.0300324060813809,0.00046757093668486384
0.8185951558763525,0.3580297059837863,0.0147154514120703,3.084858899029364e-05
0.3345783188648349,0.4313036507483119,0.0778778187940203,0.0004103150127219569
0.539855965411858,0.662884717951054,4.237934723986354e-06,3.047731630906762e-06
0.4846337461961383,0.1987562538050841,0.1174678251282418,0.00041313195877804064
0.3656975557825591,0.1048487251197866,0.2263687470065893,3.7651608333399363e-05
0.8564941302389059,0.928767548711984,0.1417385680181056,0.0008733346627762342
0.1681575161097508,0.4201453688693622,0.1555820533493695,8.475113004501679e-05
0.9540253988572216,0.2251769063701669,0.0318312569165254,1.51937023887209e-05
0.1541148206735341,0.6481755583157487,0.0722283450464807,4.7568575898879253e-05
0.6561266970696217,0.4426369435073045,0.0087971366081686,1.3869437796245828e-05
0.8550606926647212,0.4872631563247531,0.0183807101048568,2.20435821707653e-05
0.1637513413284541,0.3175569897077803,0.2136026757872235,7.523510577943674e-05
0.0312805828639134,0.6581694039639518,0.1200543235668424,4.559959993652768e-05
0.4588095927506743,0.7571830082876534,0.0018803527897586,5.709082231062732e-06
0.6179130890851876,0.2788499026029501,0.0470661510091861,0.0001228342421258693
0.3963248181137259,0.7498381452172108,0.0040808819499861,1.0609734137120449e-05
0.3071651396642635,0.7830347496308018,0.0113499585088637,1.1590344978872467e-05
0.6577395213919458,0.2324084024927746,0.9193225235576388,0.005060810020282487
0.8588382560798579,0.9363025298259056,0.9212919896525368,0.005195491914958985
0.8204996382728827,0.6157764089734016,0.6439913694517182,0.0041593350495885955
0.8417144522366622,0.7458168479314439,0.7631552045117748,0.0047039747321722305
0.9668050020623848,0.8637170552984305,0.5534739293360248,0.002195807888414614
0.3072359558171939,0.4717092426764757,0.6175703185862301,0.00351273562791507
0.2410701297223759,0.0228059083188315,0.9900511888886304,0.00493432388249117
0.947065186069376,0.6076655618268877,0.6000080336552276,0.002597446621540824
0.6273224843460959,0.98156000739557,0.5913686805079258,0.0023711750176538906
0.6785128305407973,0.1060983853092283,0.7753764773416295,0.003070804043139438
0.4621640198156059,0.1358823252292689,1.0,0.003981798144978206
0.7192671886843776,0.2876953659836752,0.7804512901858546,0.003367298076962863
0.750323519784613,0.1865323849300612,0.7172177511908143,0.003012432497411135
0.7614087348776348,0.4099974717511296,0.7983021128872181,0.0041462070394816634
0.4569805210517746,0.2200012882717221,0.6835113946936011,0.005155504653880516
0.0380426232482336,0.4119326277784905,0.6564889448542648,0.0018349768098381096
0.8541308509488837,0.1988719245794545,0.6873393958399409,0.002678422335307188
0.921427771231256,0.9165997804540262,0.9372764091819764,0.0032931431897194005
0.9759844202232516,0.980741468312482,0.7209642448954336,0.0018628110791928827
0.3181075779401427,0.3968464284699672,0.5681609844195683,0.003537746388068613
