x1,x2,y
3.4396147385202913,-7.672577716732285,390.9823527945331
3.947895745708141,-4.00716980543379,123.70134157759335
9.558041475115251,2.670448297756054,344.18085398323535
-6.456783524987603,-8.219924707885205,1576.768052652575
0.0173193844834296,7.110148641104706,56.983208048391475
3.4795246853878603,-5.630759586852978,231.98881696351268
-8.669567992729732,-1.4737113585865955,913.6440417234533
3.999981007009299,-9.201333887139995,496.53201396664514
5.924601641769778,5.278008416865914,236.9513903044737
-5.8652640486571155,-9.7733923797363,1752.9987085944017
6.875358664853137,5.358651225767053,311.27875056080177
-3.948209161717431,-7.75760325535281,1126.9009764284726
-6.925588913682985,1.705109221180796,404.56068479714673
-9.717999080721569,-3.863827851055255,1398.4701900990813
9.416332124816089,0.7991827004694763,230.2087413945026
-4.478497507518586,-7.666097202271384,1186.371317841702
-7.860917262339432,-7.4183180117863,1673.8128559451116
9.232769023173605,7.016226688669855,684.0601463987484
-7.450986465377922,-9.280783494004163,1941.461958059556
2.9989589311005305,5.7226869210740645,100.58461909184456
0.0308215280018986,-7.1353554608602465,596.9074326925842
-2.1815885225884935,-1.277994343743245,251.00524729084617
0.0395569426426134,-5.234305381675799,406.8998314135339
-0.2572958058251151,-5.058474078907437,413.65407140492835
8.928411935917818,-5.398887083547792,134.28640752593986
-1.5367064204727066,9.049055760856335,92.3723466171899
9.031646165244409,-6.59986865266605,166.50210535234515
6.076454758239529,4.115691262415968,180.38584926996293
0.0216484629731539,-9.958121206256008,945.771167023088
-2.1376065237288233,-6.918030518509431,790.0105383784846
0.2768242034628465,-7.080037465946973,568.9678057264435
8.437240938925,-7.892968917376075,221.73754806274155
9.974746380615226,6.096439363240624,672.988110377267
3.2174863557501787,7.993341764313515,237.83487642158104
4.243147005344481,-9.964294062199029,556.593723433411
0.4782062043471269,5.357378443980371,19.3069858980275
6.160353676123873,-3.231490252161169,70.05005508356444
-9.368033488900728,9.312401251612046,213.13513936486115
7.86525050408115,-2.827019278853604,85.39751446806801
-4.601659567620205,8.268625911646453,59.58065457242837
8.09601900234749,3.3510729863397204,272.313454275291
-5.90887835306259,-5.233465456151263,1032.6848576608015
7.951472861231821,-6.756181737810911,174.9716245710838
-3.578467321781833,-3.795248148463146,584.5833748081759
-1.3270088702666838,3.465999319559021,19.48555183942985
-4.154436507052946,-5.059722203595085,789.9832994251447
-9.284729266279236,-4.005007079723823,1350.5857119248385
-8.663774170374232,0.1824631038133617,724.4595491383847
-0.8350673732651281,0.7481295726895576,75.2506350289114
-2.546380570943138,4.601988357067571,30.265826175662767
-3.5492101532572273,6.264029397157587,37.95595922740294
2.8382776173351365,0.6185959459853918,10.23029517175312
-6.472569326742383,-6.919629634833391,1364.1926833113855
-2.315580050980517,1.0563597099718325,125.40840303259876
-2.221668291421879,-1.000622785374028,235.03008284267017
4.8501742451625525,3.218486570806225,81.08758144133455
3.131835868585673,7.138379050684225,178.93328587306974
6.748853834171289,5.260663023690291,294.7693588988218
7.544741677281321,-3.991554731175559,92.51404880188764
0.9700693043437036,5.312787029357089,26.195611850976157
9.832119030677092,6.1411535457073345,661.310196923356
-1.367790554953292,-6.5608052401754335,666.1810195269429
-1.0961426233629612,-2.061931884162171,234.96909091850125
-4.335323220599159,-6.419461145774202,988.0065689377176
7.939923756983065,-1.4672339290249004,92.57550067052031
-6.989388220076533,-8.569071398058787,1727.8071076813994
4.579433564781001,4.252385543622427,107.7667177798853
-6.369991724364452,-9.103532417443272,1717.684845003574
5.52653965615681,-3.2933383570199104,72.58197953218445
0.8110217888573534,3.2271897714687103,0.0931684499168889
9.874701310498551,-9.954733259478289,313.1720799935793
-5.803952276474291,-1.7038817990459854,598.1412509987583
1.3695561785401988,-6.130493930280969,390.5186123395013
-0.3745831802650512,-0.2805175996496567,99.33112772572882
-4.664548170130461,0.8729139172421263,279.4498584983216
8.180290161326988,9.040012500550809,787.1439276942717
4.383229165996523,-4.247588027866849,123.70684946459129
-7.471988301809152,-1.559028342680806,771.7889043712552
7.460676589527225,-2.17906775766596,75.13316962457944
3.0056720829906314,-4.433046763679204,177.09848839384742
-9.427199614598848,5.4206470566637694,371.0055594275324
-4.81124933194351,-0.813977635552221,418.8970209057347
-6.634397484920196,-8.94761284689829,1734.8499922389085
6.747970351140951,7.246121555634673,450.5962035871328
-6.230876664227063,5.831780149822061,137.7127567223907
8.456039195544074,4.571696466870529,384.06279503119265
-5.436086504365174,-2.3207227961978716,622.6235602848742
-3.603294522951797,-6.258170086243908,875.4648382587995
-4.50160127405737,3.73764657113006,121.59279668878251
-5.27862462692198,-2.918290886958222,669.5062864393701
8.084121160660125,0.2602792304824564,133.18610154807763
-3.190935672601387,-9.765051879958015,1330.5325468401004
-7.650950026332797,3.873988448121841,317.52731772143557
-7.4226947036975695,4.538483238218247,262.8781867517214
-8.40442116392071,-4.63750216845207,1308.4831802673966
7.795322888581384,-4.818437511518545,111.49143240826976
9.25056876091938,4.245485728007557,430.3233230040069
4.303618397150519,-4.8401127961110895,154.70038889693873
-0.9891167576030102,2.294101809061093,33.5073000228055
8.716120156467346,4.874339910672941,430.959357567433
-2.352421714433659,-4.3401771089223695,522.4436097306932
-5.054018149939205,-9.690296705276973,1603.092123793668
-6.484598222565518,-8.771818421181479,1677.8332473248038
-5.525523097446776,-7.939044079989497,1382.289563860002
-0.9687610472023822,-9.417968170352252,985.9938638578236
4.098350253813797,9.969501437841842,463.6202753280808
-9.141849250537708,4.575894877438484,398.8428481734401
0.7793052789565635,8.495315789630812,141.53371145640546
-3.1549711088425747,1.0356841122223082,170.9050152103159
-6.853568488390427,6.515251387716672,149.31951138467642
-1.1816378439851638,5.330725641528864,10.280734383894098
-3.1061168673257766,0.9910923536449912,170.4700048713886
-4.879461422056073,8.97391575283157,70.29142251778379
-8.514164221375125,-7.175602512315777,1744.8098634285852
9.27845641013006,-5.8656264673173535,148.5112478966508
-6.117241348579485,-9.701646048412329,1783.140127371642
7.16309021381816,8.687866939409721,632.1162530946636
0.2656264708737277,3.5139390042381557,0.9978032994092824
6.444910108175663,-5.470845192669893,138.02739690658458
0.6663997220325757,-2.0829705812419497,143.30483856657577
-4.882034330784572,-3.668348238663019,709.1136066585841
2.3153431196570895,4.082997330687894,25.91115840375025
7.992968873533613,-8.7135435104219,275.2440148464889
-9.28263952729414,0.8606452314242374,727.5332836205971
-4.948656858501388,2.3637638630086277,209.23457789056775
8.007837869323078,0.871865312810407,148.88476143243278
-3.254483178557268,-9.037605686786744,1224.7332161722527
3.374562218428403,-3.485387848188013,115.29435070376636
-6.5984956842676095,-1.8862466556411484,705.0877082192395
6.363879353102037,6.101361543339179,325.03085887626105
-7.867562603197467,5.315342159415934,255.72084681242973
-4.048990911269323,0.0153600776433138,292.55728217215164
-6.83956563493318,8.661096257265292,112.48971549619525
-9.686042610819772,7.757858069829327,277.40220790104837
5.013028792713183,-0.8953181703501611,31.333326901873527
0.620133687489961,4.328577138145722,5.509624550096805
3.571501124437584,-7.875797964258597,400.7409834078002
-5.382258788580265,8.400859903310886,73.75509002763322
3.3335834611718096,2.160541228651065,15.079937154002476
8.875929910317002,1.7589139540891985,239.65517894577488
-8.792465580269981,-3.3999391852735283,1185.6274920807566
-4.165006392937023,4.077090472359566,94.68164121957066
-4.744497739029914,-5.753844345483056,950.436737896905
5.086982287240652,-0.8737016699656275,31.890943330934192
-8.558432596843947,9.833406666711548,167.76214566064252
-0.5414062806146225,0.3352743173046768,80.24288065704457
9.44882341025692,-6.807944402699335,174.96722991253722
6.313664995657986,9.683905302141197,648.6763979766047
7.827283028109344,-3.6808853730661273,91.33175200756742
-6.667430535836196,-6.2613729408164325,1290.9000683752647
9.865770677747252,3.919359919755088,462.4422356131612
2.5260665684674866,-3.673800543926047,152.86515319986327
2.1444467783133225,-4.816650266055773,240.48297733759165
-2.982793740613483,-6.028752782721412,774.582394507403
4.9654712613230085,8.183470334327737,377.4058563137481
-8.240607924342429,-0.2991186653572208,725.2519905572101
2.3151529071638355,9.263220679420588,270.68454531970497
9.110517990700297,-3.4742094318478967,118.40591264399588
-0.1699801868319395,-6.363305947661784,532.8408190715688
-9.285836883546644,-9.49891972633808,2338.6019698071145
0.4219932723540975,-2.139423439191248,157.50379591515028
3.4271084008450714,2.756366146215934,25.020457034815436
-2.643489821804683,-0.7648248725337825,246.98143084384824
3.0167801942499017,8.052163115591304,229.4715925694548
2.3612685919559406,6.847692684842799,125.19090150919348
3.3030817603047224,0.6626087932661795,10.772291800421968
3.8612468117404353,-6.448827282163181,271.0519361430267
-2.999608998691483,9.034864480519078,68.98552094588177
7.404441944721358,1.1307175999749353,126.78178169774932
0.8070982960102846,-2.0716318587390403,136.61991531036907
7.622396901845039,-5.38407730198003,126.5629642600226
-3.45829504588413,-4.6078138558612025,660.1191624967005
2.7673483559859435,6.380015886500658,120.52946218372168
-7.132727567932182,6.895834046371476,153.12384746324358
8.860185804435279,-8.187280125534686,231.21598397339696
-1.4584248086467366,1.0737232788377835,86.65682456829711
-8.778237566916747,6.770752895427574,254.1919956261469
-1.1140607186442963,-9.977114548342769,1083.8490384786128
-9.932864945443573,3.2297821517214165,577.8042609096435
-7.257915403202679,9.375442465277413,123.01425088259852
5.349964248744876,7.247833665804048,332.6547957353842
-8.345330804655642,-7.862459819205389,1838.7474487635209
9.796566806988595,2.485199561224132,351.9952237922152
2.0268057311399734,0.7939158387346912,11.48392779912306
-5.792856722841715,7.747663105281434,85.41447515154367
-7.819631383400758,-9.995586599424104,2150.2861113548597
-8.581034382313886,8.484343833261104,189.00574093530344
-0.3086642246873827,-3.202322622328928,265.84110162863794
-3.87844213918918,4.467340912847955,72.49473336532063
-8.391302929470525,1.4178063750885084,572.3704138959283
-1.2702824665209578,4.863971661863895,9.288926713948417
6.27621863358133,1.9803925047572737,101.353036045819
-5.486728297757637,-9.738730664173868,1682.825992130943
8.383439711801906,-7.645121359657081,210.38805942746183
9.547250165014688,-2.5902976439537917,139.28118597857247
-4.327337484903227,-4.7179388490369,768.6640432709615
-6.831964217547655,0.191403714468954,522.1139878787594
5.85694970212155,-2.8395732335218837,61.55277197645049
5.016609704531434,-0.9849675668629976,32.017124926991016
0.0691507402072955,-1.902952223262735,161.038379822853
2.2385592012456823,-7.026228018208094,410.9517701145456
3.1268068342772315,-9.960434641295963,641.9661392456709
-2.867296833430941,-0.6568670876086968,254.780832536999
-1.6369595444337537,-2.025094002270784,267.03338358090843
-0.6147036155524743,7.090694891172882,43.86318364653964
-6.09622495417951,-7.104878707477589,1335.976851009447
9.454644259331534,5.127845486473161,523.965092846398
-6.285356907605921,-4.989391626719401,1050.1785749837895
-4.531181884845048,8.230157276260908,58.31098143755588
3.8652698186145584,-3.825983706428784,117.55284269839264
-3.362253800125017,-5.177732908511614,714.9096403507924
7.1011826607861295,2.5343453486341216,164.47796789445673
-5.244974302153384,-1.0106110180079608,475.7928258087585
1.1271886026044808,-9.53094189726544,772.4530649525252
3.727960331864229,-4.954169395747643,179.96362306614185
6.511446662110791,-9.433648733825017,376.6391912320193
7.214793642654024,4.662982536803774,289.62660107301804
1.356645301265913,-0.4027888897125176,48.822131144603425
-8.51938197646531,3.0083211487342765,452.4598147305677
-6.601532443035882,-0.6342682528200472,575.964070323969
-0.2045729123756978,-5.0065823083561,404.9378781633688
-3.3982783829591723,4.424655799966342,56.744221946723506
-2.739605700531249,-1.6861581518058255,319.91871500058244
7.855317756933231,-2.362997615935787,84.66520258996351
-0.5723246043228936,-6.78056862870158,613.6844664039122
-6.649494796776598,-6.709502571502,1358.1283693595292
2.4346455111614063,7.794370014043515,180.24672922723096
-8.5290161173404,-8.59412416950519,2009.974085733474
4.715120676067748,-0.1348334239008752,24.976235413461684
-5.244613865933829,-0.321794012110852,416.09415654996985
4.976007106144154,-4.179867058174754,108.41799785007387
7.107587889023543,1.8768398128461496,137.94219668881848
9.907894038271312,-7.676981274668703,205.86718393663236
7.844853890253603,1.3886569591572706,159.00699441779744
-6.25447726174003,-9.018625864050325,1682.8848243905222
9.223698823163584,1.4111126267429608,246.2366773222418
-3.016506489974682,-1.0191992155644105,290.57655146253643
5.05371656323315,5.684224821780635,205.2370973004201
-7.294550414171335,7.8706284956969075,139.415553731563
-9.363583304773968,8.03428945850138,246.35342086664332
4.130375453383444,7.107549798467625,236.22146363157043
6.663844433096278,6.6051691334198175,388.7348282279164
6.1811316596405845,-3.1640741943287565,68.70464005371653
2.9895744924467316,4.114121659879155,43.7313929578566
7.255876799146033,-7.040041044482594,197.21801484372324
2.371208665475506,-8.1405472524912,507.75191200027945
-6.0109566574915245,-8.331213374640058,1523.29071574535
4.239971015708233,-9.008495970661633,462.24950720258806
-5.031963969681536,6.500149102966677,74.27597915180817
-1.3887790662739996,-6.059788198404965,612.064797282942
6.173411841826573,-0.8071895611776481,48.725135720457665
-2.2246473422530855,5.130123373353297,19.727706941590498
-8.234365944257814,-9.66036308554472,2163.074945004203
0.7854662441619986,-5.8794025123730815,409.68852111027104
-2.611111599039418,5.980495330122196,23.514186908089545
3.7523578881620345,-7.28744905918407,340.5174779122919
3.3989872334566407,7.906260243556293,243.2930921254043
2.621921311291777,8.59754633462636,242.44600607014655
8.075178394159972,-7.103879641068049,188.83865808246765
-2.8629565567234927,-7.211650708729835,911.578522263242
2.7439965699281466,6.721209904404484,136.36285441690836
-2.940057019256757,-6.006803434310404,767.1313398358652
3.133428049445195,4.299580602124397,53.382618590584215
1.7419372732218783,-9.76430311221864,741.6270263246957
-3.90989188113539,-7.260539052888182,1049.9535988362
7.737175504989137,5.686305285342817,407.8137306941077
-5.036348341921284,-0.7181791826837891,430.86558665267086
7.0993208388386915,4.324323772560161,259.39754541506477
-9.511016367597056,7.352769938813102,281.12406753064937
6.034987116758783,2.2592002625852814,99.66006051255202
-6.483721659230546,-0.1055334877966829,514.1797263920337
-7.047523794209782,8.238028503815809,123.77263697214316
1.4723837059620148,8.126490120173038,151.8935998018109
-2.657129474353561,-2.5476062070731076,383.05916648065875
-6.968182845168787,5.715110222913173,181.24284927537565
9.43300135380154,-5.229100909716933,138.99991517991424
2.374083962601077,1.8578882843602051,3.4077704007202185
1.0713754576419476,3.886391167230936,4.460051388180199
-1.2064030279401194,-0.977774097389783,173.66708796138292
2.3195693774626425,-8.117542423385895,509.34211611227664
7.069386461413972,-6.022232581374293,153.11533360306595
8.305718305900855,4.87338753504734,393.9070369789627
-6.82045421982383,3.080331250330761,300.80397164563686
-2.5324939208780717,4.414025879206898,32.42960986243576
3.391094108440935,-1.3924013658314638,41.031443747915056
5.73570941264804,-5.513574654223441,151.9969601680933
-7.761693308594197,-3.493603407469761,1049.8304664279744
-6.9720753051924085,-8.95179098185986,1794.241083643077
-7.5319389135689345,-2.2221178526001384,856.760806599322
-7.05103392328589,4.408949652956455,243.2734201750971
-7.700842364126672,-8.1672230437239,1779.3716205561736
-7.0200762097623715,7.527031802531528,133.62107627507493
4.568273885650642,8.902919950399431,406.3910931839716
1.463714660474804,5.154902193754209,32.287251667994965
-4.508265972737102,5.5476693199679765,71.89214315187051
-6.652562264839023,-3.3080406506115123,877.9468211185495
-3.383762241729178,1.1338865917625474,178.94353320459726
9.498347601022903,7.854138532485084,808.9401166224609
3.2024556944634575,-1.899312105863138,57.94620821156185
0.4839563146763748,6.912378596162521,61.71337067120519
-2.0389586895664547,-0.4349055210518959,188.6775171255449
3.1134554730435804,-6.725954318864971,330.861436159714
8.152550289998858,5.671726411338414,444.3627484857595
-8.68645574326062,-7.634585459729442,1858.7006950609148
5.8098212424355715,-4.303629096798442,101.35368882571306
0.461061771176694,6.48343231348713,47.10493675561452
3.6811276972995666,6.0519761185568495,147.97692141101777
2.4593213650294343,4.33445608601799,35.13116167586602
5.977648132791935,-4.0307838599773005,91.07036787658426
-4.69782485677081,-0.1302355359628615,354.0021838000519
7.735646583084579,-6.746920646055459,176.64248290200575
-1.7457088245127927,-3.8681328576930807,424.41397346200694
9.748165013080964,-5.6325611887120335,151.10496074978607
9.744810244773008,-9.098451452088815,267.8318711452635
-3.6632114957794593,-4.065129368871596,621.8775122030372
2.7958974146528126,-6.902892862456134,364.1860353320564
-5.851727241758152,-1.7160157040738122,604.4376777599023
-7.401423428746115,3.996726042645864,290.89555195205213
-0.4874447162302053,-6.1587900309753945,539.4651837857668
-3.6068980256706618,-2.066808545687897,421.2184535725672
-5.456311917371936,9.507105085850572,84.03669995655767
-5.630555070417178,9.595868571051106,87.4745553613678
1.210154083513466,8.20941849350584,144.66927344961675
-3.0213165313607404,-3.3753138445646313,489.1753059565491
2.1177492366217,1.3500535095894617,5.10462244494797
-0.5153627193582744,-5.314903869815324,457.9705153923817
0.456344663584578,7.09561749471288,67.53538448371975
-6.004464005608696,9.66611313272896,93.95750555692328
-8.513425894919218,-8.468456885828143,1982.988395700309
3.5359881812596217,8.3648447806811,284.90544154624575
0.211235108975385,5.83701077562748,25.4520250095098
3.402427999317199,3.639011795986755,43.1814204811477
-2.051341319188531,7.550806217327928,39.014100996866496
-9.550334875854006,7.06950127315618,295.87522334831016
-7.180716695103769,5.722638166023946,193.49936914704844
-7.60010647983012,2.620378098558873,396.6480314581032
8.849846496775335,7.210850942472325,661.1930465669564
-1.4436337268728217,0.355413405101439,116.52512822057662
-7.969717552238487,-2.608541316692232,962.0140952662076
-9.794979334618874,-3.8579780011372544,1410.0710518910355
-7.715844461928773,3.0236209034148365,378.1855041963513
9.563691719688965,6.172411236751339,634.3454593416028
9.92487811945412,0.8534386610564115,268.04348853676095
5.092996799867448,-3.1201399514231776,70.64597325632845
-1.9224562751282528,-5.0272610969107205,552.5629135081413
-2.652362717897172,2.3922482893147268,86.30341534339142
5.064636349802242,1.331081053347718,42.264406609651026
1.0469006080242504,1.8165771111882931,6.569420979701775
9.608802259321752,9.177458515082169,986.8065008003688
-2.634963152794121,6.547485250577503,25.82821825874078
0.588671622092618,6.206769072185723,41.71051361770827
3.5203449835489997,-0.0503333051812426,16.780222593064778
-1.6226879923480353,-0.3543591986702465,161.03059043354838
-4.136808221495423,-2.1317495297352096,474.49476510179534
-9.001479123271146,0.6011918866652999,720.8523592191483
1.9931590171862412,7.324291168565981,132.78696485578143
7.7009396577561695,9.696019342258698,807.6533091211093
6.907679860582581,0.8878940236296273,96.98719743260747
7.298989253574433,-7.823748462150714,238.72457997093952
3.7330296751342473,1.949798108816907,19.90001261916077
5.209345793411173,-5.491923130681147,163.19322506469936
-0.09724024106041,9.926322998302862,185.09070958654647
-9.642585798922234,8.699576604867765,243.4831655322052
-5.516608904455353,-5.1597646801862425,970.631717633504
-5.483241801160512,-9.859148580547595,1703.9023891824918
-1.7102480975952727,-4.838078142191764,513.8496595575419
1.5082297521581745,6.293713109718022,68.92592162999256
-5.1285158743126384,-0.9412802284267284,458.6955708636693
2.134963292222267,-1.9719940375810263,84.90008614774686
-4.899312456458597,-4.876536437896037,855.937764756799
-6.27148415203461,2.3421638621099716,304.8037111984467
-3.998988282952012,3.125649497705525,120.00339531251596
-8.435997321205594,-6.122208553301476,1549.8807554580808
-6.006449734947134,-8.152832141765572,1492.514075782366
4.127675529233342,4.861376374743651,112.80963182692471
9.706068209357374,-3.3711841702538026,138.1943453015182
-5.484280551650023,7.673570830278525,77.00283735841401
-6.5879389234976955,1.677681443048824,376.896096944369
1.756343534706044,0.3823705332394755,21.28158085120028
-5.147372278601083,-9.389055675827676,1565.675531709383
-5.187683721492795,-1.642454823630923,529.0074202529788
-0.9440513981412346,6.249872785419002,21.161686941910073
-6.401874423367526,6.116007308865983,137.9718742208717
-9.874929460279818,-1.2079333574229856,1045.941797017142
-9.044960195949196,-1.1069137109535854,918.8701058749252
7.363332345496502,6.58370424454364,449.1090823459918
-7.68256824286166,0.4772515739726568,583.9877375133003
-9.25938074133352,0.0125371708359911,816.0952856762085
1.24354823235171,-8.35437371608947,622.7828899464107
2.0942150383097458,-5.730043217060759,310.63444902344384
2.249251918568491,-5.358659057138393,273.60249103732343
-9.743286524143,-0.3281772590401077,918.5193412131598
-0.742956971158919,-9.753003849924715,1006.2085267050728
3.522606646008395,5.050394218771499,94.21700837996796
8.387637714963505,9.30903148319242,844.7760577583173
1.733060963673838,6.4368216097246655,81.90080385726296
6.7329890352563755,-4.210615178528096,93.59365060830984
-4.328262141392618,3.3496369305613127,127.65945939031045
-2.641423813352453,8.638287331062092,61.00010704950444
7.916980729451495,9.851646312829269,853.0900421254106
7.16708554062258,-7.448282524818031,220.51414225371084
-4.710617587339236,2.9322070955116764,166.17586035497845
-9.830257253084149,4.4353940925039925,472.4086435928819
-5.082326015889047,-1.143435496559999,472.42754151565094
-8.391698408225267,-2.2008933709635525,967.02823018339
-8.662959962277657,5.775547919106483,290.82224009351467
-7.204247259952991,5.682905619741465,196.44850969862136
0.185424468733486,-9.813403973752106,907.7341562475344
-3.670089110179373,5.439451947713039,47.66362670452035
9.49100700858392,3.8066437289768777,418.5331110759783
-4.310452627031718,-0.9732721075652796,388.73797813577664
9.313582473419752,7.261015303460661,719.7539419599815
1.333763734043811,7.388176095049284,108.55435066962772
-9.09357454617901,-0.3263834613731542,833.3261657492235
-7.1369500186000305,-6.229519631462452,1357.7710606589112
-9.800413470073371,-6.5989207681613715,1873.3195604908472
-5.432043152892893,5.64552484999891,105.72086428524264
3.994943979173682,3.3012733235843683,52.52064908189848
7.343329107838974,9.214577899625962,709.6629162734243
-0.0783296515415865,7.488806520176253,67.8375886989391
4.8987465235478584,4.179204399279685,119.73308976873749
-5.823505086772077,-4.455263750466449,917.6741372873996
-2.900696508442695,5.519527044442267,29.193966131801936
-9.942830009599705,8.433614880822722,270.6755046326746
4.561166730360475,-6.446006585562893,240.4343093814391
1.36536578818776,-4.556052848743414,264.05134842355164
-2.455996586528584,3.864072396226539,39.56281754510954
6.592756265181727,-5.2531514764828335,127.70424265675568
1.0440004939782743,-8.706801138346911,681.134804417413
-0.7165643823614021,5.8615644038598465,16.3792443131553
-6.664046305165758,8.36532850692511,108.66076981874149
3.117014959465987,-4.9871546921556735,206.11055434023575
9.016096732536573,1.3649917425657865,229.804219335598
2.4628920859890324,-9.319373592638287,625.3597817871121
7.003778035714159,-2.149822052567516,65.48298115984228
-3.354628097829493,1.3366148749109308,166.59556854966434
2.4845458918787977,-6.656142930021494,362.5449654052282
-6.4594275267052055,-7.375371529493382,1435.6116229011172
-5.337357125183376,9.81190878860458,87.46499380140415
2.1782796268835725,-0.3263787539805629,30.91045793340158
9.11310592796952,0.548673029783544,200.05445557918628
-0.1599388309475724,-1.3887320391712366,143.75742070280825
-7.383706125379394,-3.530400963677509,1002.6550261985536
2.6882025880713156,-7.860156092767115,457.29194270684354
7.714024305946985,-2.0152953094413473,81.77403023602749
3.5788178941692506,1.4068822772289846,13.07474512147267
2.320979776255425,-5.418205679319721,274.09363650511386
3.6042128727742777,-8.712858022190417,475.84263356664246
-3.2459572714157803,-2.3921176975879876,418.6730428478781
-1.4969016109983049,-7.737020532210678,822.0649087341877
-7.046903770607791,-1.2478504258832634,687.4408165426362
-8.829796082535282,1.3643663449092358,625.1245047516502
7.5349026708808,0.2186442565150614,106.79735083435332
-2.6262463110656364,5.158119161328713,26.428729934189935
-7.878973796361606,-4.792126904755165,1251.2558117233898
9.717347837854964,2.8683004652459676,370.8629252317688
7.1160418572460475,2.086709978366501,146.51457331507996
8.820426920884072,-7.303010821652835,191.96400051340876
4.989966164866983,-2.1547063767614483,47.91730687222434
-7.279399952591186,-3.188527817974411,944.130076026023
-3.401491192669457,-1.8086017923679545,381.7990270888524
4.297023126950272,0.9742105357335706,21.438324553740127
4.155357637872266,-1.719514696956077,42.01645001959013
-8.832590817836836,5.63679476902494,310.7504519493541
-6.145349157993987,2.2413179941030625,301.52644753475283
-3.99269967518588,-8.55615326012665,1253.929862116545
-3.6085587136045016,-3.0790297775261055,515.0916074757787
6.990461250454527,-9.570659716488484,367.10315911052624
-6.041645270683722,9.79710249371542,96.02457510728428
0.523524557054984,-8.877956593603464,751.8408454700394
-3.877456828696608,8.02269412118686,49.1014168353238
-1.7412444655042547,-5.592601114290323,595.1714376354774
7.098416463039623,7.120246027062251,471.85136302665506
9.138875091396802,9.274037169893166,936.5329895691312
-2.0901523709215097,7.0228147236252925,29.211516232732084
-4.374766588397446,-8.543042964199884,1306.979076984932
5.456598676359383,8.68262179598829,463.36862938586614
9.657161109043734,1.9556748463045317,307.8581386267538
8.66234561792907,-4.256586917905332,112.02815455629144
-4.871419660109826,1.6353504530822427,245.77862748659825
1.0677567344901997,-8.64508471060782,671.7506811586836
-7.739142192622756,4.7943542043768606,272.5126340803821
-9.81502728988226,-5.401316065023911,1664.618334639913
7.540783994455625,-8.9393290630267,301.9065891669331
5.0135076916812915,1.9193535547193497,51.68274109343748
-0.8671266685715318,7.918952764358442,64.9368283701845
9.26412710414114,-3.586755228970251,122.93544687022434
6.562937685383581,-6.341710252395294,175.33031458396934
7.168967116248684,-7.635964947295937,230.99618413178897
-8.064418819706397,-6.574282641988194,1563.4353453604283
1.419454795269841,-7.344553597673709,501.2160764103336
3.213122516686544,3.875316356056795,43.81790867973412
0.4102341797311348,7.95584350832039,101.15874611412414
-1.8501143629725816,1.7773776556931686,75.96669442610555
-3.9701222206775144,3.9065909836960366,91.57316655588822
-5.367883235047357,-9.528828443163146,1625.86432805108
-6.237681873839804,9.36140050227571,95.92293142586392
2.124179533172157,4.359356110978034,27.783425842314507
-8.905684831061782,7.18873756472944,246.40205854260236
-5.424661638960893,5.351854676812544,113.15852379967691
-3.5358660485987525,7.859623764941503,44.609300183180984
6.78727801487428,7.4110498045372015,468.9735084482835
-3.867477247859112,-4.2707883879570225,665.9066691234163
-1.9260049173071536,-6.394886499843759,704.0428583739442
1.7603644311094624,-2.324902755984306,112.27278390579066
6.529485615442592,3.909405259790113,197.2394919105404
-8.40768586930595,-8.721039754850368,2011.5795123538403
9.699558338940514,-6.171675538120915,160.69352606824282
-1.4003276008026888,7.843892261639862,53.108897840318896
5.301468523082018,9.304211408523226,508.1675001850367
-3.103187481331253,5.198841575019857,36.1771851025292
0.6596647786658383,-0.6886676664823099,78.65355429676649
-9.174805669747151,3.571323349218538,472.7605715093036
8.920413180450208,2.1452442736170863,263.1576133337006
-0.2250015655955439,1.6921117262538377,28.87332432527607
-8.233951863025442,-2.790539384980242,1021.737562423276
6.016923767365956,-5.262769198823902,135.58492918026008
7.0327701429111595,6.663894547853603,425.91966335548807
7.696909268662311,6.391923823051107,463.4919535838836
3.236085011444405,-0.8603215795573349,30.45473659278344
7.716158692947335,-2.3673297239125235,81.192374304877
3.1577471525877843,-5.352191802365834,227.89955875466333
2.154552315253495,0.4313663935115563,15.929373245921832
-1.6538005512811926,-0.8265939420557733,189.66752972044657
-9.56831811789888,0.9959950861621047,747.9586091931521
-3.0138494237773927,-0.5141390708427362,255.1426037065137
1.1432635025400415,3.0672188960276436,0.2022541715704395
8.850116634119086,-5.2584500802353045,130.49327370988027
5.537649592898902,4.928905761917992,191.57629389394015
-5.530691027317111,-6.012538855629375,1090.2437626949918
6.3467183880921425,-7.696230958266808,257.465893187975
-7.540825744764561,4.50072397690324,273.4500084646618
0.6106617895894861,9.110947184520269,168.442496744535
5.739037028967995,6.539279767459543,309.1070891623354
3.783514273925208,-7.117383895313072,325.25198309234884
4.5314385058962685,-2.100462145303723,48.33311274068078
-9.565637425979656,9.58786678559868,218.32332007196385
1.0966585943954563,4.438433902433991,11.504470870830264
-6.117778241985388,-0.5909426133783291,522.2644453870644
2.635431329102922,-4.558165124590186,200.11559813161065
-3.8809052820806222,8.143368694169999,50.553026067552906
-7.683038388855365,-7.296116869981011,1622.2385156187097
3.2251409839953227,-3.7170339144052766,130.77820539899406
0.4995712926314399,-2.324728355007921,164.33298015120232
4.8487189556665005,9.280299326630214,464.6428426841828
-5.766459159113064,1.853837729746164,297.5369690396036
5.860505064304949,1.7403419872815706,77.07564574481712
2.828717636166471,1.3997642367278251,6.113778555846706
-1.00920843428576,2.3962286137579314,31.712112589192277
-4.021085520350214,-1.0426812839361732,370.1620464960938
-4.678431702610714,-4.55921409338475,790.3273691917866
1.8855440207746277,-2.9822079799493384,140.474934579101
-1.1760702011844115,1.4670437915754753,62.11274388613628
1.097405935188156,-9.591574236573008,782.9741958446591
-3.0149779205150096,-9.342080648809263,1238.660462605154
-6.6452037728519775,9.48057371792855,105.87242910126017
0.734248514612641,-4.251427539340618,278.6857471695341
-9.2860754261916,1.4371372097174762,669.8352352058364
3.856032311575892,-5.911648971954822,234.25638051394444
9.930459670699156,-8.763188528998251,250.2231254373021
3.099162343389903,-1.5749784595950644,49.85557221470985
6.968499966786159,8.952748593823621,639.5228766501584
-7.657031747594846,8.827175504991915,140.93251846003798
9.715455277913083,3.169493881056915,391.7571751069455
1.6253078518036124,-7.592139088751981,509.935320008234
-2.750703282585749,5.173069826983081,28.745716867891055
5.066895669255855,-6.615429415958745,232.14103019109996
-2.966823624447823,-3.0950746843299592,457.8528153797781
-0.0846162007103656,-5.5178491595409485,442.55951058684144
8.199119554494876,0.8507802871725767,158.45242137740834
6.141817919667707,4.781659936507352,221.3507861481569
-7.379044874227018,9.983875189624722,126.76889946389888
-7.342669944024093,8.815765162981975,128.96425731569178
-3.137818419375882,-5.797233899567944,763.7751795306899
-7.911039316170852,-3.865942563642033,1122.2004179253504
1.965749529310412,7.494087197701404,140.36876023641534
9.297269504093917,-8.666393459982558,250.35340250726165
7.450583006400406,1.9328837874509583,158.6756170155479
4.760521212741391,2.9249092169156232,68.47674822454975
0.399613570392241,-7.770043727191624,633.5010335530882
3.9645847635764975,-0.0635788203815046,18.2134773022509
5.289916772719499,-1.589638999411127,39.827505714467605
3.4743575815843997,8.892423862812183,320.85523137377857
-8.205682692919096,-2.6488986265774184,999.2889942461976
2.9204159256217466,3.992009589513057,38.60096987790038
6.046809563297153,-3.4271470209876,74.39983158599067
-7.415853084436992,9.23333333013467,128.73459745507486
1.1042248665815202,7.504301351871883,105.25364911597852
3.4315117426783104,1.6467788122913762,12.394299021393394
-6.0009622473123025,7.158642360369518,98.62290802859368
-5.404147314915939,0.9114917672788336,333.8757624725343
-5.451236321195925,7.329632059333302,78.36898241693882
4.296370708507553,0.9815673751308474,21.47263309149631
9.014027990832588,5.353911041118269,499.7421809083471
-0.5417321331400293,-2.8379961910344575,254.30069805138208
3.5608431611346014,-2.5613155932628806,73.49748808764588
-1.6151953824933396,-5.706685033807856,595.3855158106463
-5.526141117835055,-2.2834624615755783,628.3724402840894
-0.785253949667728,-3.7986258957229,344.140418535212
8.894316054955006,8.367930495911963,794.6836380883933
8.912987540134798,-8.846490080910378,264.8444680005883
-7.057293629715648,-3.644566774715272,973.6490456646012
1.926097747823694,6.595899205098075,95.58197390068412
-2.056125314676731,-1.311896131296968,245.08331029941513
6.90610151239934,8.029987765383094,538.575006761181
-0.0541180223792014,-0.1176443716155772,80.44527712076712
9.905548941132649,3.4010723884320093,425.9224632913026
-4.114638796908993,7.93344737147462,50.629754320560274
-2.90364994025778,3.2905561653765547,67.54069224565474
1.511170711807368,-3.473965325364652,184.39320094450457
2.6779379383431756,-2.13397965755612,76.95012030889285
2.6670263160656904,9.408917517893103,304.73667572664107
-2.9943360091845816,0.4957323185476392,191.1534764864757
4.3778969274073205,-8.899057978620135,443.4385110735764
6.702873986167863,7.733381069851923,490.5893464317368
-5.491336537908058,6.322342289549101,93.34550652183512
-3.6428203551826033,9.849125376092172,87.93742664909071
3.7362081423875098,6.063833681781889,151.43585247654602
-9.496423232658708,2.012773093081628,638.6463997576759
8.023163830935191,-4.028802505295152,98.72902203319384
1.3576804465568704,-8.21114428839046,597.0084010209159
-7.463356875902393,-3.177551792804958,967.2153823433924
7.031742725775192,-3.6393264774160983,81.93920844469255
-9.916394874662418,3.405319582706801,561.262776196321
0.9123511754288072,7.957315322503184,119.43726472749849
-4.010885861867615,0.0655626272058707,286.2325450285387
-5.141297285455259,-9.539936825603458,1590.919579587201
7.523411754123037,-0.2835812192453946,95.32281411611388
9.172571918160408,-7.442042094171464,196.4291543731675
-7.669109079289096,3.231141192858862,360.0040866893605
6.549699029994076,0.3885873396067651,72.15274256550762
2.546952587701974,5.346700990069038,68.54222058014483
9.813909634889196,5.771612418429117,622.2641234416831
-2.7259460844573,-2.420040328371853,377.8557812400819
9.965127246854903,-4.624462463500823,145.69546265493665
-5.47634765838144,5.3778661536952965,114.78752901413002
5.001796013085271,-6.268769942293799,212.88852505736344
-7.357173138400221,2.0406554473526284,417.9526923863035
5.4766092126562445,-8.077200819734127,317.01564629726516
7.945982179470004,-7.850327509442129,226.9519253223721
2.4335113685714016,-9.78219345683506,680.609764973686
6.344908296964549,6.09209973780432,322.86154380650794
-7.41373920169716,-3.555245472711148,1010.0442592923588
6.67140722269407,-8.707731242903453,314.98466144951107
5.891409435189388,4.093120637287024,168.37919974382066
8.42443615478378,-3.774361448101675,102.70461374305808
-4.916255693952176,0.4194707922417429,330.44262709205253
2.4612573140305294,-6.379873372242928,340.93521852663673
-3.727513787623502,8.041595441715986,48.161660351851594
8.901435144409986,8.178264896666592,773.5613173395212
-7.209924119427198,-2.7987241323198853,885.9969589742079
5.162949666682238,-8.008810972447446,325.98733702550226
0.8256014766178588,5.026903826433122,17.865857557895126
-5.853297742362273,-4.586640541211338,938.5720751806784
3.703053389185158,4.15606199871736,68.21406327824774
-0.4749181913339839,3.423541853473464,6.77634018802364
5.75944352405269,-7.379075041973811,256.6985349744205
7.929393901361741,-9.968191648611509,362.05880740410186
0.759338828492071,-5.080301849188256,342.3028981406403
1.8599441331043831,-4.071911857706747,205.1056132812398
6.8220818915719335,4.9054326154510175,276.38523282919505
1.2452719100918983,-7.8373044886666765,566.271943472313
-4.357126533570687,-2.3692954618812356,517.7526537517248
-4.706805138739732,-7.255149950114335,1156.871766425253
-1.8317941337332044,-4.839596022325656,524.9925952604299
4.516654365129056,-2.63471964013813,62.06172538353668
-9.610999014115418,-8.109827931220918,2123.198869495891
2.661497501411771,0.1030371234733462,17.25846662760217
3.140311405292975,3.695486961573733,37.231644535441795
2.4443226679850705,-9.113197666423432,604.1152006043142
-0.0919505342947912,2.2696292965652742,15.009216107702573
-4.862791236874202,-2.9547518849941756,628.4486928478849
2.83912724724545,7.527674858173405,186.0269048511601
6.595877732978403,-1.8608227612178752,57.10266876445676
9.91005639564402,4.010191034909574,474.05482723418936
-6.468865318176206,6.666906175287764,127.04972333619098
-4.57240623382162,-6.513718498194841,1031.9271886174638
0.0676143096168924,3.7412879143267586,1.5649242876128295
-3.823434389790046,-0.5710898098282979,317.89034789438074
8.27790759425785,1.7779240052543432,201.1537941340913
7.022887338966184,-3.1630112066824445,74.33641782478762
0.0326462365579338,-3.150335771573052,241.40842067419152
2.307048242708274,7.671956639147012,166.529551455834
6.382412585279285,-3.296885001878458,71.96616516793763
-6.963076698978956,0.8345457623322661,478.448338307691
1.137564123804491,-5.436207168208542,346.65842078683426
-8.389180404058681,-5.007636091565384,1362.8758411645704
1.274149062825376,-3.933229677818648,225.51825002195
-6.531669472217409,2.2446310293210803,331.99665193676265
2.5120285420960964,-8.568139819454366,540.6095852850076
-5.085101137716959,-2.4237270731406557,596.2577783682914
-2.384897622770983,0.3840803300730733,162.33980035752032
-7.596809449760336,-8.492429808577516,1820.2912115355407
-8.065277964143627,4.151720562366529,334.0032878258502
7.642882797908504,-0.0146018362347022,105.87340704515664
-7.562239843893051,-9.693857607448342,2041.732687546212
4.10533856985457,-9.156096616560305,485.07869746460955
0.7179138104606908,9.806930598560823,216.70825503970968
1.5094731814325968,4.546214714849546,19.553753774699917
8.246195790308734,-0.3701421397550852,123.96037908152208
-2.0874421717539304,0.5874312986474006,136.353265319831
-8.807234299273185,3.1890080364965523,466.2586744065653
-7.981968732750779,-8.437098455394331,1879.236202730433
4.883515658536162,4.689755316422102,142.18236434072122
-3.492663201474322,-1.5176329084043938,365.334773687762
1.689556994263164,-6.22394578128997,376.8998324970298
6.269845520007866,-5.049566439784501,123.47418524062734
-1.3811469763476936,3.9908043830686,14.383764355221851
-0.6042455991007767,-4.235235468712717,367.4679384228855
6.032008203481462,6.567872174385085,333.8825884671124
0.7502259010185197,2.6845229738492993,1.4399481924036863
-8.619342979313762,-1.6599009151908084,929.8336606880532
4.169128304396703,4.177046084926084,86.98573898538935
-5.2872979630598005,-9.582350467776273,1622.1001865836624
-1.960853535411775,9.60539790311701,105.5287497093508
4.962711359045782,-3.791052396207762,93.81952605312765
8.669034710849182,-7.752502091358815,212.46147896755303
8.088761442887172,-1.2448498091351112,100.62062221863948
-7.030090892710912,-8.42158591276943,1708.4059066874197
0.8716819517833074,-8.493425187546748,672.3749514152853
-6.773192865802238,-1.2065717275487975,652.1768118764
-6.264184323048592,-3.628179706980006,868.692253478576
-9.71230373527635,-0.814534909816107,973.420291977228
-7.0253184897318555,4.265334775648874,248.7963282147669
1.2127470086495018,-8.455517442559433,636.87368928487
-7.195353819696148,-3.3205247211279865,949.9557762282328
7.752515491834496,-6.800586103736035,178.81089126476002
2.648907174975077,3.6661427689897086,24.60046603256699
-1.352622803779353,5.9488986294016115,15.653016624235354
2.619741585153421,-8.331778290305802,508.3273898722298
-0.554289604710847,-9.410938085299762,936.5575380678124
4.403757138266789,2.9564825079340196,56.752298348016765
1.2484063569641335,1.2504062691914952,12.137038066623656
-8.431331620311548,0.8407238203990541,630.9812464376499
-4.7281282800508,1.5638499083878976,240.18151902506256
3.801624546740632,-9.584871685348103,549.0757937378613
6.365959291771728,-2.6270235954965138,60.72953194794309
7.163146562709841,8.711234018222324,634.6062262876176
-6.472726642730384,-2.147845933829715,719.4573698763029
7.4831439839465475,6.945047755864151,492.5832895616554
6.3995342138441575,2.3072946342576772,118.2517616714964
2.81416006691382,-0.4091531788232583,25.089514253219704
5.25303580395323,-3.2795494992740326,73.94808649283193
1.6558651313154105,-8.095471369920224,559.4811576596609
2.1329645492642535,-2.909688174065914,127.47637733553734
-9.205241290300965,4.789996557609852,390.61641311386074
0.5539352673855569,0.2498640139484598,48.62501782346187
-0.3363109423036703,-3.794442795104011,312.38680518393727
4.3574795809285956,-9.47125095979463,499.04808462348177
6.3979922157075775,4.90155150153837,245.8875719937815
0.2507880958553898,6.827409883167266,53.1115960833151
5.409752007793019,-8.78872614192712,376.2170139084708
-0.8020121164448168,6.287879029672125,22.888598116866255
-7.01584285191831,-1.9296980209965553,758.9037731741048
-1.4674622238772628,-6.040874908923981,617.5930831939204
-7.200047849887492,8.509661856589526,126.54986568613754
1.624016458545341,0.8829031582802349,13.788651700236414
7.554278023760652,8.982346509626405,707.41484893848
2.3700034180972818,-0.6952764432254877,37.15955592301096
6.137699438619684,-1.3266589356985037,47.74707985696729
4.234053385277246,9.850424698248158,464.1742127136084
9.49641423585654,9.599100091660768,1027.235388136144
-5.198132608602406,2.035428985981207,244.5645378169491
4.161082594224923,6.3224190013099975,189.1740829449929
-1.0858969783947203,-4.911084382515676,466.69476763331915
-0.6463381839447635,5.86548401690286,16.866694315116654
4.000046235319785,3.6073901191472912,61.423588377017026
-9.482301148079308,-8.57695460916859,2190.347573636473
9.938784764032372,5.84436912170335,643.3631707379124
-9.62825340661565,-8.777111221206056,2259.661575614471
-3.0084320441606027,-4.713279586031238,625.1563035904385
-4.78677469889464,-5.560279074217664,930.11694711856
7.232166368912312,-1.0894172220872744,73.92872649098338
-2.4379667910804304,8.538864276820913,60.15371411597745
3.0469395961472334,-2.660463823362589,88.46104176856134
0.2689562727588246,6.2309594214379205,35.97183762648191
-4.9026300724892335,-4.876255528997642,856.3071966061693
4.481041253383475,7.661917167588282,299.0822072679113
-2.357061515912444,6.747107520144191,25.9192203308101
4.474559747925491,5.231503845888785,147.2888218027312
8.657823985077293,0.0554737184789932,156.17320417838883
-1.0208844130604766,-7.486058027723324,739.7358236400479
-6.9909260768044446,8.842188162345659,116.45436058933578
9.709781230808463,-2.8892329643651293,142.3653240904543
-6.555015044923202,-5.564802859521536,1169.8282174413123
8.342692144214976,5.197898403757339,422.8373573341901
1.333449986820474,8.432307542554279,162.59699368076926
-2.312110170828927,6.328288223128469,22.048623197428917
-9.866356925604212,-1.008795622349774,1019.2288084760052
2.139108113538397,-2.284063469646991,97.94151366212007
-8.336373475398327,-6.244773043499768,1553.6697221249765
-4.251755574288925,-2.275064502663946,498.66300584949227
5.203306312269724,4.638665085811164,156.8675264822037
4.024726497249609,6.9859992866203235,221.6382647625763
-4.786016486576051,7.957652197850975,60.801051677126466
-0.7577036740002852,-6.079446635630976,555.3011807490286
7.789335542035154,-4.505857025018618,104.48657892467044
6.871197998439065,4.121444950166371,231.31682633985383
8.178701368178638,-4.669919958810103,111.32660832317129
9.607606532425816,-5.308299401814893,143.4770682009955
-6.9605359156567825,3.900377647053652,263.56415108267606
4.489688643881713,-1.5569050937981177,37.49911466900891
0.8871658074741506,-8.377183022952572,657.535007540725
8.108030773758273,0.193531547535628,132.4141202712739
-4.665717473955253,-8.326532716057208,1315.3369639425105
1.8922687895020451,9.32156772711462,248.9161112751048
-2.9171671468758986,8.723156122829199,61.145099187900605
-0.1986184286272663,-3.1508382020172077,255.32754778773528
-1.983354150703578,-4.1556976121589795,471.30589290520334
4.500478120753691,3.115380748388763,64.56440123719861
1.6437601471211272,8.985464043348415,212.0266604112644
-0.737642840113566,-7.28073087469882,686.4780569533566
2.695146502636163,6.847378520002582,140.5541776478834
-4.765147268058443,9.740775562222252,82.48238047614639
9.4058134792612,-1.320435450103259,156.08511729114394
8.41579793595609,0.3958741024521583,154.38428193800914
3.6711180368666385,1.1842906788144814,13.358568189367151
-3.224107753833807,-0.9992309478089734,304.3301320976558
4.939906884104978,-6.4081563416804315,223.64328052601647
-0.4735719728481613,5.372740339168489,11.035326080245692
-9.065442957400425,-2.940793593591926,1161.4046045556386
9.62667205785287,1.7426670301942937,293.22899136917914
7.028964281963184,-6.787080312147095,188.62909573490623
8.394134359471334,-9.23209659116254,297.9209241625271
2.402100236872315,0.1474131348127882,18.51878273335727
-5.746092801746492,-3.8309118403245424,829.5113448633356
-6.680204799369209,1.4924872685277668,398.91475410192936
-8.268261422359242,-7.374528232752873,1736.888247585297
7.614573791820137,-7.076776606701111,193.24140655427155
-8.182630747124795,0.9633832660054532,591.9545713296391
1.962928212798032,-4.518107115458241,229.33064712603223
7.876194778958821,9.79813816237492,841.4462626746993
7.333495484110557,3.7502052864318847,241.39123944537351
2.516542914656319,-7.419534758417285,427.9196620741574
-8.821030631489869,-5.103655176887505,1447.299315206739
9.283814347200348,7.218445942540304,711.642915718721
1.2324343072310695,0.8494439503240603,19.39568110533475
6.2673092472202345,-0.9633914914696696,50.25382487555232
-6.1969533133541415,8.370757117448836,93.98113919298252
-3.274335544237077,-1.5633695206261655,351.51440898054597
-2.939430803684109,3.0522716731799138,75.96187180828078
4.345807240657733,-9.909997531922096,543.7574060759345
-2.5053008536769927,5.9706582571733735,22.255315379685527
-2.167327344237424,-1.2685520644804615,249.4217095567131
2.8523705680191913,9.427573060401484,318.97483812735925
-5.9510255459063055,-8.44292214990286,1532.6064708132326
-2.1575455503656005,-4.548399006030419,525.4174168353768
-2.0935619540948225,-6.074924430333972,684.2126225322112
-2.1354884206015567,-4.384506108136293,507.04335763552587
-7.249202227531009,2.259594223775332,391.8497463489219
-4.876348771590546,7.146135412230608,63.6964668175568
8.92981834639835,3.4920759069382323,346.8373689625999
-0.520417209448758,9.392236371764334,138.11084212451573
-1.676823633579716,0.1492192813202675,137.50997497175743
8.474027630903329,-1.3297854183035107,114.15316716203856
-0.8431030460349787,8.825913388401387,100.78940854050126
4.475671826833505,3.1432454931732567,64.4870641953383
-2.9210274147480253,-4.352484940578867,577.801814091477
-0.7585338433764677,-9.373844863222905,955.1009896043818
2.5519134936630716,9.615454061994166,312.9962390949786
8.211425817548028,-2.9404363759507635,93.75510330132416
4.300840552824637,4.523683470238282,106.32128786909388
6.4056184839418995,-3.3574677213217874,73.26217490438546
5.562948450818026,-9.4932623089331,428.4616132374789
1.153932138441005,8.397347068267857,152.42185380193732
0.4190407493663306,8.802696051471177,143.07493598553893
-8.868380813939133,4.703574349403901,366.9433638661342
-6.470640214126231,-7.168812229626431,1403.816337431967
6.480565274746439,8.211858588265528,514.5117779400647
-4.633975358023723,-5.90882171190141,957.0805690973566
1.440479204195193,2.321433183905657,0.8812176969922062
-2.0282729981189807,4.578996712257792,20.06527497949584
-4.292870176078396,8.215256615868645,55.23747172909556
-7.819686177940257,9.77532292904682,140.40954944392251
-0.7702975237075815,9.653717210261004,142.79705737663872
9.928642515243965,-3.969657016084911,143.6472728305455
-5.230976367548584,-2.400919943901098,609.1990499346444
1.9663566744567704,6.647002724492874,99.36681387023371
7.797577587305731,-7.661690960132117,219.60420381702696
-8.072346488489863,3.5716702798912925,371.6802617298604
-5.730413537897361,3.418671571159757,204.82609889431615
2.2821402453358286,5.777014705805163,75.26264995445766
-0.0837216673449336,4.914975179329819,7.605512194470975
8.409778011964326,8.317583690007657,731.124450058118
0.0484730678764422,-3.515673380948092,266.3957251719014
9.321610315079678,6.8775460363587655,679.5622242474857
4.559887122053996,8.837469726173879,399.99011205750384
-4.396773524888333,5.992798658578014,61.198388921128874
-1.6373771889589173,0.7460507819822682,107.73634159259196
3.2426814167325135,-5.842540671541494,257.4527141979739
-2.521603737976461,1.6767350470394016,108.04373355275231
-5.772093231873496,7.961910492773332,83.58884867522562
-1.9795152043173505,-4.342451366933084,488.9610785205816
-2.6499320372634094,-1.696707028695208,314.046595579583
7.568596202380187,-7.853457390649179,234.38413501149657
0.5871605055368567,-2.600674711946971,176.1874061200159
-4.818302792643379,-9.82252473063882,1588.1915908657463
6.326445571215,1.8535908342404304,99.57609380218447
1.8790081000924097,4.530069901391709,26.328396412111765
-9.185113154968844,-1.76539440306128,1020.5162187671106
9.053993954775237,8.949196969581587,884.617187462392
7.054896617332858,-1.2933390027611713,67.50687375704112
-2.931371738703845,-9.341067049063708,1226.926676063933
6.402720373853015,-7.876262708579072,267.32114070422773
-0.3747895469444673,-5.634508186470435,477.1889423851916
-5.587319343072387,4.985086607171585,132.05552958717556
0.4220300957284606,-3.497239788854798,242.7825428909571
-5.3142355510292045,-5.439032946322941,981.7225730828582
3.534622909321683,6.39209682395628,158.43466134285825
-2.6740683404552867,-0.523823046063201,233.15466867877012
-2.1948576688608545,-3.43410379703029,422.4724028417048
-1.7372305008968492,-0.0134278836204826,148.8534658464994
-4.999635416446814,-1.0252738241570292,454.193675619104
1.192039212220819,-6.09670332524876,399.95906231001305
0.0364236748810409,3.4531544795168623,2.1759501585073595
7.797438075052603,-0.9783857700931088,93.82094131224392
1.8166336323208363,7.220823199245281,119.9861242882933
7.537177172199277,-7.749299134771308,229.2500029798451
4.008771238593624,0.8079624844538169,16.525948733201837
-8.557420761032557,-5.570379295991213,1479.264232510295
-4.8684743249629765,-4.612211393227906,819.3003029284807
0.6501227818802513,1.7165537947391774,12.440629851012137
-0.7000771346220458,6.5659657031076035,29.53253425942475
-4.649036397237037,3.4550512297432245,140.0286115195825
5.046524146056742,-9.500351244487964,458.5019093408722
3.698556288670931,9.28949455019171,369.9801792679344
2.181684909812611,5.4393928626465655,59.795833701201495
1.1194899868804489,-3.1193126660287773,181.45175408647543
-9.57152998048045,6.229869848461169,337.78919934252116
5.870984578677536,-5.3651082119879945,142.53712602341807
-0.1268446087508268,-4.291057370429725,337.8735912755358
3.018563513375192,-9.703377831950494,622.111435088548
-5.432689779961965,-1.1313536235231347,504.84363269069297
-3.5453131524831716,-4.407594921082545,647.0203798294344
-4.874119641733525,-0.7855083707485111,422.0690085485173
9.82118070170557,-5.807588039002349,155.38757507883747
0.784013793548668,-1.4743154472748388,108.06186717488532
6.633848950852368,2.269403583844709,128.44156680037256
-0.8408855727107611,-5.6000792668577155,513.4052102124713
-2.479517416808936,3.822838323300368,41.015879583710515
4.436702663650411,6.517297993678499,217.61481094320027
-3.528818218708767,-4.495121486129183,654.9875446522578
3.5851038198534613,-1.9565090811691463,53.743995684716026
2.158376416559047,7.686344568518477,159.9467149109451
-7.927981475072457,-8.378905860617799,1858.6670448617083
-2.097545443991793,-8.230513568773558,956.8923230891468
2.1821554074866656,5.520981612051834,62.60573483765935
-5.656960430056066,7.401139840957953,84.04006018779546
2.004928368308776,3.0932652045757636,5.842695917915938
9.193831179402723,-5.919854130261342,148.81110440238638
-7.823784951880148,3.521912193802006,353.81593838034564
-6.166224692651586,4.0154105726791816,203.71589233048556
-7.749956732993226,4.0944993071468865,312.18378515838197
-1.1656666067542742,-5.700378678052109,552.6704615189665
7.260417643703985,-0.8653160202720911,77.07954415643658
-1.1111700409511085,3.6292336444804385,13.637515853893534
9.34639055765083,9.117915632477192,943.955741274055
0.5575941391837924,-6.120808462366762,449.2051427173933
-9.271487742708867,0.2266000532300949,793.8715870378211
-8.875083765576719,1.240128345231164,642.1031781521293
0.0503955946538892,-7.446011611676786,629.4611647476542
8.633578122622476,-2.824369627228367,105.28773802798564
2.3413467058754955,-0.9593789345137392,44.89226353318832
5.174902732700442,9.483810623183617,513.9022946364231
-9.854201390779115,-3.5274029971102983,1368.9013621066615
-8.405509372462049,-2.0107998218169154,944.8916045500008
4.363996099705425,1.4610263523343892,27.007737448840164
-6.677460540469253,5.651696822882966,167.00810017097706
-8.280510716022055,-8.264804626567159,1901.463632530656
-1.6185029586228428,9.901431130502758,127.86020429531972
1.4115122296707685,4.031695830488873,9.565136621455752
-8.85898193305383,-3.271104038976494,1177.2449644843068
5.78393045602356,5.00515912983313,211.27360336317395
5.222586631502497,-1.804057778965784,42.26164378551435
-3.723481610934627,-3.551909547767569,573.7765803779239
-2.967576372510634,-3.2645461765359474,473.7715285044859
5.502026261681962,4.385156715844218,160.82259323181847
-0.2522905501554362,-8.54010932131815,789.3243326566924
4.535268287157026,0.2229880658616889,22.509727932097736
4.2814142090445495,2.933864406063962,52.12411941920118
7.506214113837848,-1.5066206765671075,78.63394767506983
-2.4962934018694516,-5.599511548634839,671.4096560296362
6.799119282017971,2.0912787819093404,130.11953159393678
6.361601540227446,-2.8423457693766596,63.804235220563754
-3.278840785099666,-1.3783717898209469,337.26793626358653
0.8097924212042074,3.2484932934233868,0.1115167380263564
-0.2901003484620834,-6.024543621190936,508.6742673626776
-2.659021006585698,-7.900765502262843,980.1646559949507
7.1164572572044005,8.560689150975522,613.7553061652623
-6.593539836894944,-1.6013082562528558,673.6911649833733
9.059043750344276,-5.496673202825129,137.9077198362845
-6.8732362959703135,2.954612200540787,312.8083400833924
3.1256236009438987,-1.1519387001985493,38.18068218896567
7.087906654819971,-0.2603309864223746,79.67310222088364
-6.6813001596900605,-3.650968857712136,924.893499638259
-9.31979661087726,3.154283857794713,519.8726037309855
-0.8044548974247467,5.132522381976107,8.234222284148629
2.364501144768203,-4.424315625488475,203.86773204393447
-2.0490001694815296,4.985775970914405,17.761491025834264
-3.824844875925697,5.649026260321914,49.23321479665341
3.1577471525877843,-5.352191802365834,3980.3325129322293
7.163146562709841,8.711234018222324,3988.8593859693447
6.3995342138441575,2.3072946342576772,2788.2765540580754
6.8220818915719335,4.9054326154510175,3304.200587888952
9.313582473419752,7.261015303460661,2396.378099187122
-3.823434389790046,-0.5710898098282979,2673.885680906809
-5.141297285455259,-9.539936825603458,4286.55476825532
8.920413180450208,2.1452442736170863,2597.8491478401825
2.5519134936630716,9.615454061994166,2560.4447631692874
3.571501124437584,-7.875797964258597,3357.1130203710773
-0.737642840113566,-7.28073087469882,4329.6284974434775
4.383229165996523,-4.247588027866849,3379.08460186818
5.001796013085271,-6.268769942293799,3105.312760811861
5.222586631502497,-1.804057778965784,3456.3703694053333
-0.8408855727107611,-5.6000792668577155,2959.379899545525
-9.185113154968844,-1.76539440306128,2842.385248290162
7.069386461413972,-6.022232581374293,2975.9533657480306
8.409778011964326,8.317583690007657,4058.0644950355086
9.49641423585654,9.599100091660768,3121.5333376658627
-3.6068980256706618,-2.066808545687897,2459.966223050198
